NOM;CODI;DATA_INI;DATA_FI;RESIDENCIA;IEPG_CONFIRMAT;R0_CONFIRMAT_M;TAXA_CASOS_CONFIRMAT;CASOS_CONFIRMAT;TAXA_PCR;PCR;PERC_PCR_POSITIVES;INGRESSOS_TOTAL;INGRESSOS_CRITIC;EXITUS
CATALUNYA;CATALUNYA;2020-10-11;2020-10-17;--;;;0.0000;364;0.0000;2751;9.6798;46;8;1
CATALUNYA;CATALUNYA;2020-10-11;2020-10-17;Si;;;482.8408;316;7294.5634;4774;7.5206;56;3;39
CATALUNYA;CATALUNYA;2020-10-11;2020-10-17;No;541.446;1.38343;223.3903;16992;2131.9370;162164;11.0385;785;146;85
CATALUNYA;CATALUNYA;2020-10-10;2020-10-16;No;504.344;1.31735;221.0107;16811;2078.1666;158074;11.0613;752;145;78
CATALUNYA;CATALUNYA;2020-10-10;2020-10-16;--;;;0.0000;357;0.0000;2813;9.2513;42;8;1
CATALUNYA;CATALUNYA;2020-10-10;2020-10-16;Si;;;456.8652;299;7601.6868;4975;6.9293;47;3;42
CATALUNYA;CATALUNYA;2020-10-09;2020-10-15;No;495.189;1.37432;212.4916;16163;1978.8820;150522;10.8637;724;126;76
CATALUNYA;CATALUNYA;2020-10-09;2020-10-15;--;;;0.0000;354;0.0000;2666;8.9462;43;8;1
CATALUNYA;CATALUNYA;2020-10-09;2020-10-15;Si;;;406.4419;266;6973.6882;4564;6.5349;46;3;43
CATALUNYA;CATALUNYA;2020-10-08;2020-10-14;--;;;0.0000;324;0.0000;2499;7.9500;31;7;0
CATALUNYA;CATALUNYA;2020-10-08;2020-10-14;Si;;;438.5294;287;6082.8774;3981;8.5009;46;4;44
CATALUNYA;CATALUNYA;2020-10-08;2020-10-14;No;464.484;1.37881;199.8181;15199;1844.8110;140324;10.6296;724;128;72
CATALUNYA;CATALUNYA;2020-10-07;2020-10-13;No;436.596;1.41058;181.8333;13831;1750.1672;133125;10.0179;686;116;68
CATALUNYA;CATALUNYA;2020-10-07;2020-10-13;--;;;0.0000;292;0.0000;2360;7.0483;38;6;0
CATALUNYA;CATALUNYA;2020-10-07;2020-10-13;Si;;;401.8580;263;5783.3939;3785;8.4795;50;3;48
CATALUNYA;CATALUNYA;2020-10-06;2020-10-12;No;407.387;1.44001;163.4015;12429;1783.8887;135690;9.1751;645;106;67
CATALUNYA;CATALUNYA;2020-10-06;2020-10-12;--;;;0.0000;268;0.0000;2578;6.0109;36;7;0
CATALUNYA;CATALUNYA;2020-10-06;2020-10-12;Si;;;388.1062;254;5430.4311;3554;8.8235;49;3;52
CATALUNYA;CATALUNYA;2020-10-05;2020-10-11;--;;;0.0000;296;0.0000;2682;6.1937;37;8;0
CATALUNYA;CATALUNYA;2020-10-05;2020-10-11;Si;;;432.4175;283;6050.7899;3960;8.8806;46;2;53
CATALUNYA;CATALUNYA;2020-10-05;2020-10-11;No;421.825;1.47196;174.1950;13250;1990.9245;151438;8.6047;646;109;61
CATALUNYA;CATALUNYA;2020-10-04;2020-10-10;--;;;0.0000;287;0.0000;2708;5.9851;38;10;0
CATALUNYA;CATALUNYA;2020-10-04;2020-10-10;Si;;;369.7704;242;5807.8415;3801;8.0235;45;2;53
CATALUNYA;CATALUNYA;2020-10-04;2020-10-10;No;402.26;1.44622;167.9897;12778;1968.2725;149715;8.3851;619;100;53
CATALUNYA;CATALUNYA;2020-10-03;2020-10-09;No;378.544;1.39972;161.8370;12310;1952.8908;148545;8.1639;605;89;48
CATALUNYA;CATALUNYA;2020-10-03;2020-10-09;--;;;0.0000;282;0.0000;2594;5.9348;43;10;0
CATALUNYA;CATALUNYA;2020-10-03;2020-10-09;Si;;;362.1306;237;5497.6621;3598;8.1824;46;2;47
CATALUNYA;CATALUNYA;2020-10-02;2020-10-08;--;;;0.0000;239;0.0000;2447;5.3954;47;9;0
CATALUNYA;CATALUNYA;2020-10-02;2020-10-08;Si;;;484.3687;317;6817.8345;4462;8.6887;48;2;43
CATALUNYA;CATALUNYA;2020-10-02;2020-10-08;No;337.312;1.34586;147.8225;11244;1924.2702;146368;7.4485;603;95;44
CATALUNYA;CATALUNYA;2020-10-01;2020-10-07;--;;;0.0000;217;0.0000;2376;5.4329;48;10;0
CATALUNYA;CATALUNYA;2020-10-01;2020-10-07;Si;;;372.8264;244;6449.5920;4221;7.1388;50;2;41
CATALUNYA;CATALUNYA;2020-10-01;2020-10-07;No;309.472;1.33491;137.0553;10425;1883.1996;143244;7.0454;579;93;42
CATALUNYA;CATALUNYA;2020-09-30;2020-10-06;No;292.085;1.32237;127.6816;9712;1869.5795;142208;6.6720;573;97;50
CATALUNYA;CATALUNYA;2020-09-30;2020-10-06;--;;;0.0000;216;0.0000;2363;5.5081;44;12;0
CATALUNYA;CATALUNYA;2020-09-30;2020-10-06;Si;;;372.8264;244;6353.3294;4158;7.2447;44;2;40
CATALUNYA;CATALUNYA;2020-09-29;2020-10-05;Si;;;456.8652;299;6544.3266;4283;8.6968;43;2;38
CATALUNYA;CATALUNYA;2020-09-29;2020-10-05;No;275.215;1.3069;119.5043;9090;1809.6696;137651;6.4252;555;99;52
CATALUNYA;CATALUNYA;2020-09-29;2020-10-05;--;;;0.0000;183;0.0000;1982;5.5187;46;10;0
CATALUNYA;CATALUNYA;2020-09-28;2020-10-04;--;;;0.0000;170;0.0000;1969;4.9923;48;11;0
CATALUNYA;CATALUNYA;2020-09-28;2020-10-04;Si;;;455.3372;298;7080.6466;4634;7.7460;39;1;35
CATALUNYA;CATALUNYA;2020-09-28;2020-10-04;No;260.92;1.28541;112.3788;8548;1788.9371;136074;6.1934;557;94;54
CATALUNYA;CATALUNYA;2020-09-27;2020-10-03;No;253.574;1.25719;110.1570;8379;1782.0219;135548;6.1027;547;95;59
CATALUNYA;CATALUNYA;2020-09-27;2020-10-03;--;;;0.0000;176;0.0000;1914;5.1852;47;8;0
CATALUNYA;CATALUNYA;2020-09-27;2020-10-03;Si;;;452.2812;296;6947.7126;4547;7.7846;41;1;34
CATALUNYA;CATALUNYA;2020-09-26;2020-10-02;Si;;;456.8652;299;7054.6710;4617;7.6788;44;1;33
CATALUNYA;CATALUNYA;2020-09-26;2020-10-02;No;237.385;1.18902;108.6056;8261;1773.2135;134878;6.0300;550;97;58
CATALUNYA;CATALUNYA;2020-09-26;2020-10-02;--;;;0.0000;166;0.0000;1788;5.2184;43;8;0
CATALUNYA;CATALUNYA;2020-09-25;2020-10-01;--;;;0.0000;164;0.0000;1725;5.3561;37;7;0
CATALUNYA;CATALUNYA;2020-09-25;2020-10-01;Si;;;311.7073;204;5927.0238;3879;6.1819;42;1;31
CATALUNYA;CATALUNYA;2020-09-25;2020-10-01;No;214.385;1.0993;102.8079;7820;1727.6599;131413;5.8575;531;96;61
CATALUNYA;CATALUNYA;2020-09-24;2020-09-30;No;196.88;1.02572;94.7752;7209;1635.5140;124404;5.6486;507;86;63
CATALUNYA;CATALUNYA;2020-09-24;2020-09-30;--;;;0.0000;144;0.0000;1566;4.7341;39;6;0
CATALUNYA;CATALUNYA;2020-09-24;2020-09-30;Si;;;330.0430;216;6261.6508;4098;5.8263;37;0;33
CATALUNYA;CATALUNYA;2020-09-23;2020-09-29;No;189.133;0.988338;93.1976;7089;1610.4956;122501;5.6335;485;82;57
CATALUNYA;CATALUNYA;2020-09-23;2020-09-29;--;;;0.0000;124;0.0000;1413;4.6796;36;3;0
CATALUNYA;CATALUNYA;2020-09-23;2020-09-29;Si;;;276.5638;181;6324.2978;4139;4.8173;45;0;31
CATALUNYA;CATALUNYA;2020-09-22;2020-09-28;--;;;0.0000;118;0.0000;1381;4.7829;34;6;0
CATALUNYA;CATALUNYA;2020-09-22;2020-09-28;Si;;;175.7173;115;6205.1156;4061;2.7390;50;1;25
CATALUNYA;CATALUNYA;2020-09-22;2020-09-28;No;184.045;0.961421;91.0810;6928;1576.1956;119892;5.6756;475;88;49
CATALUNYA;CATALUNYA;2020-09-21;2020-09-27;No;181.393;0.958891;90.6077;6892;1553.7015;118181;5.7707;463;82;51
CATALUNYA;CATALUNYA;2020-09-21;2020-09-27;--;;;0.0000;115;0.0000;1336;4.5593;28;4;0
CATALUNYA;CATALUNYA;2020-09-21;2020-09-27;Si;;;169.6054;111;5736.0266;3754;2.8964;51;1;26
CATALUNYA;CATALUNYA;2020-09-20;2020-09-26;No;182.761;0.965585;91.5411;6963;1563.1803;118902;5.7997;479;87;45
CATALUNYA;CATALUNYA;2020-09-20;2020-09-26;--;;;0.0000;105;0.0000;1320;4.1538;30;6;0
CATALUNYA;CATALUNYA;2020-09-20;2020-09-26;Si;;;178.7733;117;5726.8587;3748;3.2162;51;1;21
CATALUNYA;CATALUNYA;2020-09-19;2020-09-25;--;;;0.0000;104;0.0000;1320;4.1507;34;6;0
CATALUNYA;CATALUNYA;2020-09-19;2020-09-25;Si;;;198.6370;130;5784.9219;3786;3.3608;46;1;25
CATALUNYA;CATALUNYA;2020-09-19;2020-09-25;No;189.791;1.00002;91.0415;6925;1574.4734;119761;5.7507;472;84;48
CATALUNYA;CATALUNYA;2020-09-18;2020-09-24;--;;;0.0000;105;0.0000;1246;4.5603;37;5;0
CATALUNYA;CATALUNYA;2020-09-18;2020-09-24;Si;;;227.6686;149;5899.5202;3861;4.0419;41;1;23
CATALUNYA;CATALUNYA;2020-09-18;2020-09-24;No;208.805;1.15468;92.2116;7014;1552.8995;118120;5.9681;484;79;46
CATALUNYA;CATALUNYA;2020-09-17;2020-09-23;No;229.896;1.23827;97.1679;7391;1592.5634;121137;6.1323;492;83;49
CATALUNYA;CATALUNYA;2020-09-17;2020-09-23;--;;;0.0000;113;0.0000;1249;5.2932;36;6;0
CATALUNYA;CATALUNYA;2020-09-17;2020-09-23;Si;;;220.0287;144;5780.3379;3783;4.3582;38;1;17
CATALUNYA;CATALUNYA;2020-09-16;2020-09-22;--;;;0.0000;118;0.0000;1141;6.2333;37;6;0
CATALUNYA;CATALUNYA;2020-09-16;2020-09-22;Si;;;284.2037;186;5758.9463;3769;5.6254;35;2;15
CATALUNYA;CATALUNYA;2020-09-16;2020-09-22;No;237.984;1.29189;98.1671;7467;1511.7500;114990;6.5520;496;81;56
CATALUNYA;CATALUNYA;2020-09-15;2020-09-21;--;;;0.0000;118;0.0000;1081;6.2382;34;4;0
CATALUNYA;CATALUNYA;2020-09-15;2020-09-21;Si;;;276.5638;181;5473.2145;3582;6.4191;32;1;16
CATALUNYA;CATALUNYA;2020-09-15;2020-09-21;No;239.1;1.30485;100.3494;7633;1454.2065;110613;7.0025;511;70;61
CATALUNYA;CATALUNYA;2020-09-14;2020-09-20;No;237.056;1.31214;98.5615;7497;1393.9153;106027;7.1238;522;72;60
CATALUNYA;CATALUNYA;2020-09-14;2020-09-20;--;;;0.0000;118;0.0000;1012;7.4747;42;4;0
CATALUNYA;CATALUNYA;2020-09-14;2020-09-20;Si;;;305.5954;200;5991.1988;3921;6.1047;32;1;19
CATALUNYA;CATALUNYA;2020-09-13;2020-09-19;Si;;;368.2425;241;6038.5661;3952;7.1202;27;1;19
CATALUNYA;CATALUNYA;2020-09-13;2020-09-19;No;230.467;1.28606;97.7332;7434;1364.8083;103813;7.1880;515;67;61
CATALUNYA;CATALUNYA;2020-09-13;2020-09-19;--;;;0.0000;124;0.0000;1006;8.0448;42;4;0
CATALUNYA;CATALUNYA;2020-09-12;2020-09-18;--;;;0.0000;132;0.0000;994;8.8843;36;6;0
CATALUNYA;CATALUNYA;2020-09-12;2020-09-18;Si;;;426.3056;279;6004.9506;3930;8.0533;30;1;15
CATALUNYA;CATALUNYA;2020-09-12;2020-09-18;No;225.023;1.25393;98.7455;7511;1329.9298;101160;7.4622;516;66;58
CATALUNYA;CATALUNYA;2020-09-11;2020-09-17;No;193.839;1.07945;88.6225;6741;1142.7063;86919;7.6674;479;66;57
CATALUNYA;CATALUNYA;2020-09-11;2020-09-17;--;;;0.0000;116;0.0000;885;8.7963;32;6;0
CATALUNYA;CATALUNYA;2020-09-11;2020-09-17;Si;;;381.9943;250;5138.5875;3363;8.2854;31;1;16
CATALUNYA;CATALUNYA;2020-09-10;2020-09-16;Si;;;377.4103;247;5465.5746;3577;7.5537;34;1;18
CATALUNYA;CATALUNYA;2020-09-10;2020-09-16;No;179.824;1.00701;88.4910;6731;1138.7097;86615;7.9432;485;70;56
CATALUNYA;CATALUNYA;2020-09-10;2020-09-16;--;;;0.0000;114;0.0000;824;9.4527;33;5;0
CATALUNYA;CATALUNYA;2020-09-09;2020-09-15;--;;;0.0000;119;0.0000;895;8.5057;33;5;0
CATALUNYA;CATALUNYA;2020-09-09;2020-09-15;Si;;;319.3472;209;5763.5302;3772;6.0108;28;0;18
CATALUNYA;CATALUNYA;2020-09-09;2020-09-15;No;166.951;0.948958;86.0457;6545;1108.2486;84298;7.9338;479;72;55
CATALUNYA;CATALUNYA;2020-09-08;2020-09-14;No;161.962;0.93727;82.8905;6305;1088.8045;82819;7.7551;472;69;53
CATALUNYA;CATALUNYA;2020-09-08;2020-09-14;--;;;0.0000;124;0.0000;907;8.6809;39;6;0
CATALUNYA;CATALUNYA;2020-09-08;2020-09-14;Si;;;323.9311;212;6202.0597;4059;5.3637;26;0;19
CATALUNYA;CATALUNYA;2020-09-07;2020-09-13;No;160.216;0.930424;82.1017;6245;1082.9673;82375;7.7666;478;74;53
CATALUNYA;CATALUNYA;2020-09-07;2020-09-13;--;;;0.0000;131;0.0000;948;8.0906;33;6;0
CATALUNYA;CATALUNYA;2020-09-07;2020-09-13;Si;;;279.6198;183;5719.2188;3743;5.4046;30;0;12
CATALUNYA;CATALUNYA;2020-09-06;2020-09-12;--;;;0.0000;136;0.0000;944;8.2251;34;4;0
CATALUNYA;CATALUNYA;2020-09-06;2020-09-12;Si;;;215.4447;141;5668.7956;3710;4.1706;38;0;18
CATALUNYA;CATALUNYA;2020-09-06;2020-09-12;No;166.281;0.959857;81.4706;6197;1079.2862;82095;7.8210;474;76;49
CATALUNYA;CATALUNYA;2020-09-05;2020-09-11;No;170.906;0.989108;80.7081;6139;1087.8184;82744;7.7111;479;81;54
CATALUNYA;CATALUNYA;2020-09-05;2020-09-11;--;;;0.0000;134;0.0000;925;8.1678;37;2;0
CATALUNYA;CATALUNYA;2020-09-05;2020-09-11;Si;;;140.5739;92;5534.3336;3622;3.3643;39;1;18
CATALUNYA;CATALUNYA;2020-09-04;2020-09-10;No;186.873;1.02549;90.9495;6918;1250.5363;95121;7.6462;493;79;58
CATALUNYA;CATALUNYA;2020-09-04;2020-09-10;--;;;0.0000;147;0.0000;1090;7.7715;40;3;0
CATALUNYA;CATALUNYA;2020-09-04;2020-09-10;Si;;;151.2697;99;7010.3596;4588;2.8463;40;1;18
CATALUNYA;CATALUNYA;2020-09-03;2020-09-09;--;;;0.0000;150;0.0000;1172;7.2174;38;3;0
CATALUNYA;CATALUNYA;2020-09-03;2020-09-09;Si;;;169.6054;111;7450.4171;4876;3.2098;42;1;24
CATALUNYA;CATALUNYA;2020-09-03;2020-09-09;No;185.818;1.02147;90.0818;6852;1242.6220;94519;7.4458;467;73;52
CATALUNYA;CATALUNYA;2020-09-02;2020-09-08;--;;;0.0000;142;0.0000;1193;6.5644;34;3;0
CATALUNYA;CATALUNYA;2020-09-02;2020-09-08;Si;;;230.7245;151;7172.3252;4694;3.7255;43;1;25
CATALUNYA;CATALUNYA;2020-09-02;2020-09-08;No;187.304;1.01359;89.8846;6837;1271.0322;96680;7.2125;469;76;47
CATALUNYA;CATALUNYA;2020-09-01;2020-09-07;No;187.823;1.00645;89.9109;6839;1288.8461;98035;7.1680;460;82;50
CATALUNYA;CATALUNYA;2020-09-01;2020-09-07;--;;;0.0000;143;0.0000;1272;6.7146;33;1;0
CATALUNYA;CATALUNYA;2020-09-01;2020-09-07;Si;;;239.8924;157;7186.0770;4703;3.8079;44;1;28
CATALUNYA;CATALUNYA;2020-08-31;2020-09-06;--;;;0.0000;131;0.0000;1142;6.8811;32;1;0
CATALUNYA;CATALUNYA;2020-08-31;2020-09-06;Si;;;235.3084;154;7305.2592;4781;3.5706;43;1;27
CATALUNYA;CATALUNYA;2020-08-31;2020-09-06;No;189.134;1.00037;90.0949;6853;1294.3152;98451;7.2744;453;80;50
CATALUNYA;CATALUNYA;2020-08-30;2020-09-05;--;;;0.0000;126;0.0000;1139;6.4458;27;2;0
CATALUNYA;CATALUNYA;2020-08-30;2020-09-05;Si;;;227.6686;149;7308.3152;4783;3.4360;38;1;26
CATALUNYA;CATALUNYA;2020-08-30;2020-09-05;No;189.247;0.99543;91.7646;6980;1303.3076;99135;7.2882;447;77;52
CATALUNYA;CATALUNYA;2020-08-29;2020-09-04;No;187.819;0.986826;92.0801;7004;1295.3932;98533;7.3012;444;76;46
CATALUNYA;CATALUNYA;2020-08-29;2020-09-04;--;;;0.0000;119;0.0000;1133;6.3006;26;2;0
CATALUNYA;CATALUNYA;2020-08-29;2020-09-04;Si;;;220.0287;144;7340.4027;4804;3.1847;34;0;28
CATALUNYA;CATALUNYA;2020-08-28;2020-09-03;Si;;;236.8364;155;7021.0555;4595;3.5994;35;0;29
CATALUNYA;CATALUNYA;2020-08-28;2020-09-03;No;190.12;0.99733;91.2782;6943;1297.1286;98665;7.1880;431;77;44
CATALUNYA;CATALUNYA;2020-08-28;2020-09-03;--;;;0.0000;128;0.0000;1159;5.9135;22;1;0
CATALUNYA;CATALUNYA;2020-08-27;2020-09-02;--;;;0.0000;130;0.0000;1159;5.8201;25;1;0
CATALUNYA;CATALUNYA;2020-08-27;2020-09-02;Si;;;236.8364;155;6634.4772;4342;3.6093;31;0;24
CATALUNYA;CATALUNYA;2020-08-27;2020-09-02;No;193.597;1.01173;91.8303;6985;1297.5230;98695;7.2796;461;78;47
CATALUNYA;CATALUNYA;2020-08-26;2020-09-01;No;199.556;1.03105;94.9067;7219;1332.4935;101355;7.3994;452;68;46
CATALUNYA;CATALUNYA;2020-08-26;2020-09-01;--;;;0.0000;139;0.0000;1158;6.5198;29;1;0
CATALUNYA;CATALUNYA;2020-08-26;2020-09-01;Si;;;238.3644;156;6988.9680;4574;3.9708;36;0;26
CATALUNYA;CATALUNYA;2020-08-25;2020-08-31;Si;;;264.3400;173;7095.9264;4644;4.3371;36;0;24
CATALUNYA;CATALUNYA;2020-08-25;2020-08-31;No;203.118;1.04498;96.7078;7356;1330.2059;101181;7.4237;456;60;40
CATALUNYA;CATALUNYA;2020-08-25;2020-08-31;--;;;0.0000;141;0.0000;1113;6.3245;27;1;0
CATALUNYA;CATALUNYA;2020-08-24;2020-08-30;--;;;0.0000;152;0.0000;1250;6.5200;28;3;0
CATALUNYA;CATALUNYA;2020-08-24;2020-08-30;Si;;;259.7561;170;7204.4127;4715;4.1657;35;0;31
CATALUNYA;CATALUNYA;2020-08-24;2020-08-30;No;204.767;1.05811;98.9690;7528;1350.5703;102730;7.3280;456;62;40
CATALUNYA;CATALUNYA;2020-08-23;2020-08-29;No;206.487;1.07159;98.3511;7481;1353.9622;102988;7.2834;451;60;42
CATALUNYA;CATALUNYA;2020-08-23;2020-08-29;--;;;0.0000;154;0.0000;1249;6.7700;32;3;0
CATALUNYA;CATALUNYA;2020-08-23;2020-08-29;Si;;;270.4519;177;7236.5003;4736;4.6898;35;1;30
CATALUNYA;CATALUNYA;2020-08-22;2020-08-28;No;211.625;1.10254;98.2460;7473;1370.4877;104245;7.1753;447;57;43
CATALUNYA;CATALUNYA;2020-08-22;2020-08-28;--;;;0.0000;158;0.0000;1236;6.7657;33;3;0
CATALUNYA;CATALUNYA;2020-08-22;2020-08-28;Si;;;291.8436;191;7442.7772;4871;4.5764;35;1;32
CATALUNYA;CATALUNYA;2020-08-21;2020-08-27;--;;;0.0000;160;0.0000;1173;7.2237;35;5;0
CATALUNYA;CATALUNYA;2020-08-21;2020-08-27;Si;;;299.4835;196;7455.0010;4879;4.4090;34;1;32
CATALUNYA;CATALUNYA;2020-08-21;2020-08-27;No;215.943;1.13248;99.3503;7557;1350.3600;102714;7.4029;465;66;36
CATALUNYA;CATALUNYA;2020-08-20;2020-08-26;No;217.239;1.15054;99.5212;7570;1297.1680;98668;7.7297;445;66;36
CATALUNYA;CATALUNYA;2020-08-20;2020-08-26;--;;;0.0000;156;0.0000;1149;7.3843;31;6;0
CATALUNYA;CATALUNYA;2020-08-20;2020-08-26;Si;;;299.4835;196;6981.3281;4569;4.6482;32;1;33
CATALUNYA;CATALUNYA;2020-08-19;2020-08-25;No;214.488;1.16037;98.6404;7503;1230.2508;93578;7.9605;473;72;40
CATALUNYA;CATALUNYA;2020-08-19;2020-08-25;--;;;0.0000;144;0.0000;1110;6.6298;28;6;0
CATALUNYA;CATALUNYA;2020-08-19;2020-08-25;Si;;;218.5007;143;6518.3510;4266;3.7218;28;2;31
CATALUNYA;CATALUNYA;2020-08-18;2020-08-24;--;;;0.0000;134;0.0000;1087;6.0207;27;7;0
CATALUNYA;CATALUNYA;2020-08-18;2020-08-24;Si;;;194.0531;127;6426.6723;4206;3.2843;30;3;31
CATALUNYA;CATALUNYA;2020-08-18;2020-08-24;No;212.176;1.16653;97.6675;7429;1189.7850;90500;8.1856;492;79;43
CATALUNYA;CATALUNYA;2020-08-17;2020-08-23;--;;;0.0000;128;0.0000;1059;6.3523;25;5;0
CATALUNYA;CATALUNYA;2020-08-17;2020-08-23;Si;;;181.8292;119;6066.0697;3970;3.2792;33;3;27
CATALUNYA;CATALUNYA;2020-08-17;2020-08-23;No;207.551;1.16648;94.5517;7192;1130.9136;86022;8.4532;492;79;41
CATALUNYA;CATALUNYA;2020-08-16;2020-08-22;No;206.194;1.16532;94.3414;7176;1126.9959;85724;8.4467;505;79;38
CATALUNYA;CATALUNYA;2020-08-16;2020-08-22;--;;;0.0000;123;0.0000;1056;6.2802;25;4;0
CATALUNYA;CATALUNYA;2020-08-16;2020-08-22;Si;;;177.2453;116;6095.1013;3989;2.7003;33;2;24
CATALUNYA;CATALUNYA;2020-08-15;2020-08-21;--;;;0.0000;118;0.0000;1047;5.9396;25;4;0
CATALUNYA;CATALUNYA;2020-08-15;2020-08-21;Si;;;160.4376;105;5852.1529;3830;2.8714;34;2;22
CATALUNYA;CATALUNYA;2020-08-15;2020-08-21;No;202.852;1.14959;93.6972;7127;1105.1985;84066;8.6622;518;79;39
CATALUNYA;CATALUNYA;2020-08-14;2020-08-20;--;;;0.0000;115;0.0000;1115;6.2500;26;2;0
CATALUNYA;CATALUNYA;2020-08-14;2020-08-20;Si;;;128.3500;84;5347.9204;3500;3.0796;34;2;26
CATALUNYA;CATALUNYA;2020-08-14;2020-08-20;No;194.568;1.12349;91.3307;6947;1067.4804;81197;8.7399;509;66;45
CATALUNYA;CATALUNYA;2020-08-13;2020-08-19;No;187.593;1.10759;89.2930;6792;1065.9422;81080;8.4495;505;66;43
CATALUNYA;CATALUNYA;2020-08-13;2020-08-19;--;;;0.0000;129;0.0000;1123;7.0128;27;2;0
CATALUNYA;CATALUNYA;2020-08-13;2020-08-19;Si;;;119.1822;78;5723.8028;3746;2.6062;40;3;24
CATALUNYA;CATALUNYA;2020-08-12;2020-08-18;Si;;;155.8536;102;6037.0381;3951;3.3080;44;2;25
CATALUNYA;CATALUNYA;2020-08-12;2020-08-18;No;182.309;1.0983;86.2035;6557;1056.1347;80334;8.3233;479;61;38
CATALUNYA;CATALUNYA;2020-08-12;2020-08-18;--;;;0.0000;132;0.0000;1086;7.7799;26;3;0
CATALUNYA;CATALUNYA;2020-08-11;2020-08-17;--;;;0.0000;136;0.0000;1070;8.8377;25;2;0
CATALUNYA;CATALUNYA;2020-08-11;2020-08-17;Si;;;204.7489;134;5867.4326;3840;4.3119;47;1;27
CATALUNYA;CATALUNYA;2020-08-11;2020-08-17;No;178.886;1.093;84.2183;6406;1039.1753;79044;8.2069;464;57;37
CATALUNYA;CATALUNYA;2020-08-10;2020-08-16;No;176.803;1.09123;83.3769;6342;1047.9968;79715;8.0817;453;56;43
CATALUNYA;CATALUNYA;2020-08-10;2020-08-16;--;;;0.0000;134;0.0000;1097;8.5286;23;2;0
CATALUNYA;CATALUNYA;2020-08-10;2020-08-16;Si;;;230.7245;151;5827.7052;3814;4.6943;45;1;25
CATALUNYA;CATALUNYA;2020-08-09;2020-08-15;Si;;;227.6686;149;5717.6909;3742;4.7559;46;2;29
CATALUNYA;CATALUNYA;2020-08-09;2020-08-15;No;175.205;1.09084;82.6013;6283;1044.4209;79443;8.0771;458;59;41
CATALUNYA;CATALUNYA;2020-08-09;2020-08-15;--;;;0.0000;133;0.0000;1092;8.5607;20;3;0
CATALUNYA;CATALUNYA;2020-08-08;2020-08-14;--;;;0.0000;132;0.0000;1103;8.7687;19;3;0
CATALUNYA;CATALUNYA;2020-08-08;2020-08-14;Si;;;227.6686;149;5960.6393;3901;4.6917;45;3;29
CATALUNYA;CATALUNYA;2020-08-08;2020-08-14;No;174.94;1.09322;82.7590;6295;1076.2756;81866;7.7949;459;59;37
CATALUNYA;CATALUNYA;2020-08-07;2020-08-13;No;173.031;1.08271;81.8519;6226;1075.5525;81811;7.6739;456;63;35
CATALUNYA;CATALUNYA;2020-08-07;2020-08-13;--;;;0.0000;124;0.0000;1000;8.9139;16;3;0
CATALUNYA;CATALUNYA;2020-08-07;2020-08-13;Si;;;314.7633;206;6029.3982;3946;5.9104;48;3;23
CATALUNYA;CATALUNYA;2020-08-06;2020-08-12;No;169.915;1.06611;80.0771;6091;1070.3726;81417;7.6504;468;74;37
CATALUNYA;CATALUNYA;2020-08-06;2020-08-12;--;;;0.0000;126;0.0000;1053;8.1871;17;3;0
CATALUNYA;CATALUNYA;2020-08-06;2020-08-12;Si;;;349.9067;229;5957.5833;3899;6.6305;44;2;23
CATALUNYA;CATALUNYA;2020-08-05;2020-08-11;--;;;0.0000;120;0.0000;1141;7.1685;18;3;0
CATALUNYA;CATALUNYA;2020-08-05;2020-08-11;Si;;;325.4591;213;5957.5833;3899;6.0321;43;3;23
CATALUNYA;CATALUNYA;2020-08-05;2020-08-11;No;168.112;1.05098;79.7879;6069;1056.8577;80389;7.7422;472;85;35
CATALUNYA;CATALUNYA;2020-08-04;2020-08-10;No;166.593;1.03451;79.4460;6043;1056.6211;80371;7.8077;459;86;36
CATALUNYA;CATALUNYA;2020-08-04;2020-08-10;--;;;0.0000;125;0.0000;1200;6.6610;23;5;0
CATALUNYA;CATALUNYA;2020-08-04;2020-08-10;Si;;;296.4275;194;5989.6708;3920;5.6604;37;3;23
CATALUNYA;CATALUNYA;2020-08-03;2020-08-09;No;164.998;1.0192;78.6441;5982;1028.9077;78263;7.8569;466;83;27
CATALUNYA;CATALUNYA;2020-08-03;2020-08-09;--;;;0.0000;132;0.0000;1190;6.4599;26;25;0
CATALUNYA;CATALUNYA;2020-08-03;2020-08-09;Si;;;282.6757;185;6079.8215;3979;5.5024;40;3;26
CATALUNYA;CATALUNYA;2020-08-02;2020-08-08;--;;;0.0000;135;0.0000;1193;6.3629;39;26;0
CATALUNYA;CATALUNYA;2020-08-02;2020-08-08;Si;;;284.2037;186;6286.0984;4114;5.3804;41;2;25
CATALUNYA;CATALUNYA;2020-08-02;2020-08-08;No;162.388;1.00545;78.0130;5934;1023.3071;77837;7.8649;457;82;27
CATALUNYA;CATALUNYA;2020-08-01;2020-08-07;--;;;0.0000;136;0.0000;1194;6.3465;49;28;0
CATALUNYA;CATALUNYA;2020-08-01;2020-08-07;Si;;;285.7317;187;6454.1759;4224;5.2186;46;1;26
CATALUNYA;CATALUNYA;2020-08-01;2020-08-07;No;160.482;0.997625;77.2637;5877;994.7523;75665;8.1111;450;82;32
CATALUNYA;CATALUNYA;2020-07-31;2020-08-06;No;163.859;1.02012;77.9605;5930;989.0203;75229;8.2966;459;91;34
CATALUNYA;CATALUNYA;2020-07-31;2020-08-06;--;;;0.0000;134;0.0000;1200;6.3993;65;29;0
CATALUNYA;CATALUNYA;2020-07-31;2020-08-06;Si;;;212.3888;139;6573.3581;4302;3.8440;47;1;28
CATALUNYA;CATALUNYA;2020-07-30;2020-08-05;--;;;0.0000;116;0.0000;1190;5.8469;72;29;0
CATALUNYA;CATALUNYA;2020-07-30;2020-08-05;Si;;;201.6929;132;6441.9521;4216;4.1269;51;1;29
CATALUNYA;CATALUNYA;2020-07-30;2020-08-05;No;168.498;1.03569;79.3014;6032;982.1445;74706;8.4519;451;86;38
CATALUNYA;CATALUNYA;2020-07-29;2020-08-04;--;;;0.0000;136;0.0000;1204;7.0279;75;29;0
CATALUNYA;CATALUNYA;2020-07-29;2020-08-04;Si;;;265.8680;174;6400.6967;4189;5.2750;57;0;28
CATALUNYA;CATALUNYA;2020-07-29;2020-08-04;No;171.757;1.04911;80.1691;6098;1011.7905;76961;8.3411;455;76;41
CATALUNYA;CATALUNYA;2020-07-28;2020-08-03;No;174.977;1.05673;81.5890;6206;1000.7078;76118;8.5074;467;82;40
CATALUNYA;CATALUNYA;2020-07-28;2020-08-03;--;;;0.0000;135;0.0000;1139;7.2451;74;27;0
CATALUNYA;CATALUNYA;2020-07-28;2020-08-03;Si;;;297.9555;195;6319.7139;4136;5.6211;60;0;27
CATALUNYA;CATALUNYA;2020-07-27;2020-08-02;Si;;;294.8996;193;6069.1256;3972;5.6127;60;0;27
CATALUNYA;CATALUNYA;2020-07-27;2020-08-02;No;177.263;1.06293;83.2455;6332;998.8278;75975;8.5060;469;94;45
CATALUNYA;CATALUNYA;2020-07-27;2020-08-02;--;;;0.0000;122;0.0000;1116;7.2278;85;7;0
CATALUNYA;CATALUNYA;2020-07-26;2020-08-01;--;;;0.0000;121;0.0000;1121;7.4681;84;5;0
CATALUNYA;CATALUNYA;2020-07-26;2020-08-01;Si;;;294.8996;193;6073.7096;3975;5.6620;56;0;28
CATALUNYA;CATALUNYA;2020-07-26;2020-08-01;No;177.231;1.06024;83.4953;6351;1010.0683;76830;8.5441;515;101;47
CATALUNYA;CATALUNYA;2020-07-25;2020-07-31;No;177.551;1.05667;83.6004;6359;1008.5564;76715;8.4800;517;106;49
CATALUNYA;CATALUNYA;2020-07-25;2020-07-31;--;;;0.0000;125;0.0000;1137;7.4439;76;4;0
CATALUNYA;CATALUNYA;2020-07-25;2020-07-31;Si;;;304.0674;199;5974.3911;3910;5.7509;60;0;28
CATALUNYA;CATALUNYA;2020-07-24;2020-07-30;Si;;;311.7073;204;5861.3207;3836;6.0241;70;0;27
CATALUNYA;CATALUNYA;2020-07-24;2020-07-30;No;175.924;1.06203;82.6670;6288;1008.8982;76741;8.2857;556;107;46
CATALUNYA;CATALUNYA;2020-07-24;2020-07-30;--;;;0.0000;134;0.0000;1115;8.2192;74;3;0
CATALUNYA;CATALUNYA;2020-07-23;2020-07-29;--;;;0.0000;158;0.0000;1099;8.9898;76;2;0
CATALUNYA;CATALUNYA;2020-07-23;2020-07-29;Si;;;276.5638;181;5922.4398;3876;5.0562;78;0;25
CATALUNYA;CATALUNYA;2020-07-23;2020-07-29;No;177.992;1.0851;83.3901;6343;1017.6408;77406;8.1752;586;110;38
CATALUNYA;CATALUNYA;2020-07-22;2020-07-28;No;179.526;1.11473;83.5478;6355;985.2866;74945;8.3862;606;139;37
CATALUNYA;CATALUNYA;2020-07-22;2020-07-28;--;;;0.0000;148;0.0000;1072;8.6667;76;1;0
CATALUNYA;CATALUNYA;2020-07-22;2020-07-28;Si;;;218.5007;143;6030.9262;3947;3.7786;67;0;24
CATALUNYA;CATALUNYA;2020-07-21;2020-07-27;No;179.878;1.15394;83.9948;6389;972.4422;73968;8.5335;629;157;39
CATALUNYA;CATALUNYA;2020-07-21;2020-07-27;--;;;0.0000;150;0.0000;1047;9.4542;82;1;0
CATALUNYA;CATALUNYA;2020-07-21;2020-07-27;Si;;;155.8536;102;5916.3279;3872;2.8100;66;0;21
CATALUNYA;CATALUNYA;2020-07-20;2020-07-26;--;;;0.0000;171;0.0000;1031;10.0592;71;2;0
CATALUNYA;CATALUNYA;2020-07-20;2020-07-26;Si;;;175.7173;115;6078.2935;3978;3.2373;61;2;19
CATALUNYA;CATALUNYA;2020-07-20;2020-07-26;No;179.188;1.19612;83.5215;6353;958.7563;72927;8.6363;648;147;39
CATALUNYA;CATALUNYA;2020-07-19;2020-07-25;No;185.328;1.2506;83.6662;6364;942.1257;71662;8.6994;610;144;39
CATALUNYA;CATALUNYA;2020-07-19;2020-07-25;--;;;0.0000;173;0.0000;1022;9.7416;62;2;0
CATALUNYA;CATALUNYA;2020-07-19;2020-07-25;Si;;;189.4691;124;6186.7799;4049;3.3825;73;2;13
CATALUNYA;CATALUNYA;2020-07-18;2020-07-24;No;195.772;1.34385;84.4287;6422;931.1218;70825;8.9165;597;134;32
CATALUNYA;CATALUNYA;2020-07-18;2020-07-24;--;;;0.0000;206;0.0000;1044;12.0623;65;3;0
CATALUNYA;CATALUNYA;2020-07-18;2020-07-24;Si;;;227.6686;149;6191.3638;4052;4.5927;66;2;11
CATALUNYA;CATALUNYA;2020-07-17;2020-07-23;--;;;0.0000;220;0.0000;1106;12.5688;55;8;0
CATALUNYA;CATALUNYA;2020-07-17;2020-07-23;Si;;;221.5567;145;6128.7168;4011;4.7536;53;2;9
CATALUNYA;CATALUNYA;2020-07-17;2020-07-23;No;203.062;1.45838;82.9825;6312;887.0932;67476;9.2221;543;130;31
CATALUNYA;CATALUNYA;2020-07-16;2020-07-22;--;;;0.0000;226;0.0000;1082;13.3333;51;8;0
CATALUNYA;CATALUNYA;2020-07-16;2020-07-22;Si;;;238.3644;156;5859.7928;3835;4.8189;44;2;8
CATALUNYA;CATALUNYA;2020-07-16;2020-07-22;No;200.416;1.5275;80.6424;6134;841.2240;63987;9.4038;512;124;29
CATALUNYA;CATALUNYA;2020-07-15;2020-07-21;No;192.683;1.56517;77.5003;5895;796.6695;60598;9.3382;462;99;25
CATALUNYA;CATALUNYA;2020-07-15;2020-07-21;--;;;0.0000;229;0.0000;1026;14.6535;49;11;0
CATALUNYA;CATALUNYA;2020-07-15;2020-07-21;Si;;;293.3716;192;5577.1170;3650;6.3910;47;2;9
CATALUNYA;CATALUNYA;2020-07-14;2020-07-20;--;;;0.0000;235;0.0000;988;14.4764;41;11;0
CATALUNYA;CATALUNYA;2020-07-14;2020-07-20;Si;;;293.3716;192;5538.9175;3625;6.4304;47;2;9
CATALUNYA;CATALUNYA;2020-07-14;2020-07-20;No;179.951;1.58994;71.8866;5468;740.5984;56333;9.1233;443;70;19
CATALUNYA;CATALUNYA;2020-07-13;2020-07-19;--;;;0.0000;209;0.0000;922;13.9073;39;10;0
CATALUNYA;CATALUNYA;2020-07-13;2020-07-19;Si;;;270.4519;177;5525.1657;3616;5.9465;47;0;7
CATALUNYA;CATALUNYA;2020-07-13;2020-07-19;No;164.697;1.61167;66.2861;5042;704.6288;53597;9.0448;407;75;13
CATALUNYA;CATALUNYA;2020-07-12;2020-07-18;No;162.026;1.63496;64.5244;4908;693.0202;52714;8.8701;374;67;11
CATALUNYA;CATALUNYA;2020-07-12;2020-07-18;--;;;0.0000;208;0.0000;926;14.1758;36;10;0
CATALUNYA;CATALUNYA;2020-07-12;2020-07-18;Si;;;258.2281;169;5438.0710;3559;5.9716;36;0;9
CATALUNYA;CATALUNYA;2020-07-11;2020-07-17;Si;;;209.3328;137;5095.8041;3335;4.7183;34;0;9
CATALUNYA;CATALUNYA;2020-07-11;2020-07-17;No;158.336;1.68585;61.2509;4659;661.1523;50290;8.6948;362;66;12
CATALUNYA;CATALUNYA;2020-07-11;2020-07-17;--;;;0.0000;179;0.0000;881;11.7919;31;8;0
CATALUNYA;CATALUNYA;2020-07-10;2020-07-16;--;;;0.0000;153;0.0000;769;10.4359;34;5;0
CATALUNYA;CATALUNYA;2020-07-10;2020-07-16;Si;;;197.1090;129;4985.7898;3263;4.4056;33;0;9
CATALUNYA;CATALUNYA;2020-07-10;2020-07-16;No;148.673;1.74921;56.2551;4279;621.5147;47275;8.5584;343;55;11
CATALUNYA;CATALUNYA;2020-07-09;2020-07-15;No;136.335;1.80319;50.5625;3846;578.6956;44018;8.2982;317;54;10
CATALUNYA;CATALUNYA;2020-07-09;2020-07-15;--;;;0.0000;117;0.0000;645;9.2767;26;5;0
CATALUNYA;CATALUNYA;2020-07-09;2020-07-15;Si;;;186.4132;122;5230.2661;3423;4.4122;25;0;10
CATALUNYA;CATALUNYA;2020-07-08;2020-07-14;Si;;;135.9899;89;5053.0208;3307;3.1175;23;0;9
CATALUNYA;CATALUNYA;2020-07-08;2020-07-14;No;123.511;1.82458;45.6062;3469;545.4342;41488;7.8942;325;53;12
CATALUNYA;CATALUNYA;2020-07-08;2020-07-14;--;;;0.0000;103;0.0000;558;8.1818;23;4;0
CATALUNYA;CATALUNYA;2020-07-07;2020-07-13;--;;;0.0000;76;0.0000;515;7.4951;20;4;0
CATALUNYA;CATALUNYA;2020-07-07;2020-07-13;Si;;;163.4935;107;4949.1183;3239;2.9661;24;1;10
CATALUNYA;CATALUNYA;2020-07-07;2020-07-13;No;111.277;1.83965;41.2940;3141;528.3565;40189;7.3376;285;51;14
CATALUNYA;CATALUNYA;2020-07-06;2020-07-12;No;97.1849;1.83204;35.9039;2731;506.6117;38535;6.6551;263;39;12
CATALUNYA;CATALUNYA;2020-07-06;2020-07-12;--;;;0.0000;75;0.0000;469;8.2073;20;5;0
CATALUNYA;CATALUNYA;2020-07-06;2020-07-12;Si;;;148.2137;97;4629.7711;3030;2.8309;28;1;12
CATALUNYA;CATALUNYA;2020-07-05;2020-07-11;No;93.2063;1.82959;34.5760;2630;495.6210;37699;6.5457;262;38;10
CATALUNYA;CATALUNYA;2020-07-05;2020-07-11;--;;;0.0000;71;0.0000;458;7.7434;23;5;0
CATALUNYA;CATALUNYA;2020-07-05;2020-07-11;Si;;;139.0459;91;4380.7108;2867;2.4787;28;1;10
CATALUNYA;CATALUNYA;2020-07-04;2020-07-10;--;;;0.0000;63;0.0000;438;7.8704;24;5;0
CATALUNYA;CATALUNYA;2020-07-04;2020-07-10;Si;;;146.6858;96;4284.4482;2804;2.8762;29;1;9
CATALUNYA;CATALUNYA;2020-07-04;2020-07-10;No;86.1898;1.78831;32.6697;2485;481.9221;36657;6.3567;244;41;11
CATALUNYA;CATALUNYA;2020-07-03;2020-07-09;No;73.7654;1.7143;28.7388;2186;464.8181;35356;5.4421;251;36;13
CATALUNYA;CATALUNYA;2020-07-03;2020-07-09;--;;;0.0000;54;0.0000;384;6.8783;18;3;0
CATALUNYA;CATALUNYA;2020-07-03;2020-07-09;Si;;;131.4060;86;4003.3004;2620;2.6794;26;1;11
CATALUNYA;CATALUNYA;2020-07-02;2020-07-08;No;62.7546;1.63752;25.0446;1905;448.9499;34149;4.9206;232;29;14
CATALUNYA;CATALUNYA;2020-07-02;2020-07-08;--;;;0.0000;46;0.0000;353;7.1839;17;3;0
CATALUNYA;CATALUNYA;2020-07-02;2020-07-08;Si;;;114.5982;75;3602.9703;2358;2.3734;29;1;11
CATALUNYA;CATALUNYA;2020-07-01;2020-07-07;--;;;0.0000;40;0.0000;323;5.3125;17;1;0
CATALUNYA;CATALUNYA;2020-07-01;2020-07-07;Si;;;82.5107;54;3416.5571;2236;1.5766;30;1;10
CATALUNYA;CATALUNYA;2020-07-01;2020-07-07;No;53.8325;1.63854;22.0866;1680;436.6839;33216;4.4524;209;23;16
CATALUNYA;CATALUNYA;2020-06-30;2020-07-06;--;;;0.0000;35;0.0000;310;4.2345;17;1;0
CATALUNYA;CATALUNYA;2020-06-30;2020-07-06;Si;;;39.7274;26;3280.5671;2147;1.4345;28;0;10
CATALUNYA;CATALUNYA;2020-06-30;2020-07-06;No;47.9082;1.64668;19.1943;1460;428.0991;32563;3.9365;186;21;17
CATALUNYA;CATALUNYA;2020-06-29;2020-07-05;No;43.5763;1.68083;17.1434;1304;429.6241;32679;3.7193;187;19;17
CATALUNYA;CATALUNYA;2020-06-29;2020-07-05;--;;;0.0000;26;0.0000;283;4.2857;16;0;0
CATALUNYA;CATALUNYA;2020-06-29;2020-07-05;Si;;;36.6714;24;3132.3533;2050;1.4668;26;0;10
CATALUNYA;CATALUNYA;2020-06-28;2020-07-04;--;;;0.0000;26;0.0000;278;4.0000;11;0;0
CATALUNYA;CATALUNYA;2020-06-28;2020-07-04;Si;;;36.6714;24;3182.7766;2083;1.4465;25;0;11
CATALUNYA;CATALUNYA;2020-06-28;2020-07-04;No;41.6961;1.6772;16.3677;1245;429.1114;32640;3.6207;181;15;17
CATALUNYA;CATALUNYA;2020-06-27;2020-07-03;--;;;0.0000;22;0.0000;288;3.1579;7;0;0
CATALUNYA;CATALUNYA;2020-06-27;2020-07-03;Si;;;24.4476;16;3210.2802;2101;0.9458;25;0;11
CATALUNYA;CATALUNYA;2020-06-27;2020-07-03;No;40.2188;1.69298;15.5263;1181;433.2263;32953;3.4331;188;13;15
CATALUNYA;CATALUNYA;2020-06-26;2020-07-02;No;35.3802;1.65204;14.2905;1087;438.5508;33358;3.0946;161;16;13
CATALUNYA;CATALUNYA;2020-06-26;2020-07-02;--;;;0.0000;19;0.0000;293;3.4483;5;0;0
CATALUNYA;CATALUNYA;2020-06-26;2020-07-02;Si;;;38.1994;25;3395.1654;2222;1.4243;28;0;11
CATALUNYA;CATALUNYA;2020-06-25;2020-07-01;Si;;;35.1434;23;3207.2242;2099;1.3933;28;0;11
CATALUNYA;CATALUNYA;2020-06-25;2020-07-01;No;31.7061;1.60033;13.2782;1010;423.5371;32216;2.7078;167;15;14
CATALUNYA;CATALUNYA;2020-06-25;2020-07-01;--;;;0.0000;19;0.0000;317;2.5478;4;1;0
CATALUNYA;CATALUNYA;2020-06-24;2020-06-30;--;;;0.0000;11;0.0000;272;2.2388;3;1;0
CATALUNYA;CATALUNYA;2020-06-24;2020-06-30;Si;;;35.1434;23;2837.4537;1857;1.6667;28;0;12
CATALUNYA;CATALUNYA;2020-06-24;2020-06-30;No;26.3847;1.51011;10.7672;819;375.4856;28561;2.4768;155;13;9
CATALUNYA;CATALUNYA;2020-06-23;2020-06-29;No;23.6303;1.4554;9.8995;753;375.6959;28577;2.2885;164;16;6
CATALUNYA;CATALUNYA;2020-06-23;2020-06-29;--;;;0.0000;19;0.0000;273;3.3708;3;1;0
CATALUNYA;CATALUNYA;2020-06-23;2020-06-29;Si;;;42.7833;28;2831.3418;1853;2.1196;29;0;11
CATALUNYA;CATALUNYA;2020-06-22;2020-06-28;Si;;;42.7833;28;2886.3490;1889;2.1260;29;0;11
CATALUNYA;CATALUNYA;2020-06-22;2020-06-28;No;20.8811;1.39203;8.7820;668;366.7561;27897;2.2658;172;34;10
CATALUNYA;CATALUNYA;2020-06-22;2020-06-28;--;;;0.0000;16;0.0000;262;2.7344;11;1;0
CATALUNYA;CATALUNYA;2020-06-21;2020-06-27;--;;;0.0000;16;0.0000;263;2.7237;11;1;0
CATALUNYA;CATALUNYA;2020-06-21;2020-06-27;Si;;;42.7833;28;2828.2859;1851;2.1722;29;0;11
CATALUNYA;CATALUNYA;2020-06-21;2020-06-27;No;19.4329;1.34745;8.4928;646;364.8630;27753;2.1608;167;34;12
CATALUNYA;CATALUNYA;2020-06-20;2020-06-26;No;17.9378;1.27755;8.2298;626;363.4431;27645;2.1586;152;31;14
CATALUNYA;CATALUNYA;2020-06-20;2020-06-26;--;;;0.0000;17;0.0000;250;2.8689;12;1;0
CATALUNYA;CATALUNYA;2020-06-20;2020-06-26;Si;;;42.7833;28;2828.2859;1851;2.1522;32;0;14
CATALUNYA;CATALUNYA;2020-06-19;2020-06-25;No;15.7376;1.20309;7.1255;542;350.4147;26654;1.8901;141;28;15
CATALUNYA;CATALUNYA;2020-06-19;2020-06-25;--;;;0.0000;16;0.0000;236;1.7467;14;1;0
CATALUNYA;CATALUNYA;2020-06-19;2020-06-25;Si;;;32.0875;21;2765.6388;1810;1.6234;34;0;13
CATALUNYA;CATALUNYA;2020-06-18;2020-06-24;--;;;0.0000;15;0.0000;227;2.2831;14;0;0
CATALUNYA;CATALUNYA;2020-06-18;2020-06-24;Si;;;41.2553;27;3025.3949;1980;2.1772;33;0;12
CATALUNYA;CATALUNYA;2020-06-18;2020-06-24;No;14.356;1.18436;6.5339;497;368.3995;28022;1.8542;142;34;16
CATALUNYA;CATALUNYA;2020-06-17;2020-06-23;No;14.8947;1.1549;6.7048;510;416.2407;31661;1.6749;164;37;19
CATALUNYA;CATALUNYA;2020-06-17;2020-06-23;--;;;0.0000;15;0.0000;252;2.0492;14;0;0
CATALUNYA;CATALUNYA;2020-06-17;2020-06-23;Si;;;55.0071;36;3653.3936;2391;2.3226;33;0;12
CATALUNYA;CATALUNYA;2020-06-16;2020-06-22;No;13.9894;1.10727;6.3367;482;417.8314;31782;1.5137;160;35;19
CATALUNYA;CATALUNYA;2020-06-16;2020-06-22;--;;;0.0000;10;0.0000;258;1.1952;14;0;0
CATALUNYA;CATALUNYA;2020-06-16;2020-06-22;Si;;;55.0071;36;3859.6705;2526;2.3139;35;0;13
CATALUNYA;CATALUNYA;2020-06-15;2020-06-21;--;;;0.0000;10;0.0000;290;0.7042;5;0;0
CATALUNYA;CATALUNYA;2020-06-15;2020-06-21;Si;;;59.5911;39;3940.6533;2579;2.4125;31;1;17
CATALUNYA;CATALUNYA;2020-06-15;2020-06-21;No;13.3982;1.06269;6.2184;473;431.9511;32856;1.4331;137;18;21
CATALUNYA;CATALUNYA;2020-06-14;2020-06-20;--;;;0.0000;9;0.0000;294;0.6944;5;0;0
CATALUNYA;CATALUNYA;2020-06-14;2020-06-20;Si;;;67.2309;44;4000.2444;2618;2.7187;33;1;20
CATALUNYA;CATALUNYA;2020-06-14;2020-06-20;No;12.9089;1.03033;5.9292;451;431.4647;32819;1.3684;141;19;24
CATALUNYA;CATALUNYA;2020-06-13;2020-06-19;No;12.0692;0.951328;5.8108;442;432.7004;32913;1.2869;142;19;23
CATALUNYA;CATALUNYA;2020-06-13;2020-06-19;--;;;0.0000;8;0.0000;291;0.7018;4;0;0
CATALUNYA;CATALUNYA;2020-06-13;2020-06-19;Si;;;67.2309;44;4043.0278;2646;2.7059;29;1;20
CATALUNYA;CATALUNYA;2020-06-12;2020-06-18;--;;;0.0000;7;0.0000;325;0.9404;3;0;0
CATALUNYA;CATALUNYA;2020-06-12;2020-06-18;Si;;;88.6226;58;4556.4282;2982;3.3664;28;1;20
CATALUNYA;CATALUNYA;2020-06-12;2020-06-18;No;11.8525;0.859435;5.9554;453;450.1857;34243;1.2835;150;23;23
CATALUNYA;CATALUNYA;2020-06-11;2020-06-17;--;;;0.0000;7;0.0000;345;0.8824;3;0;0
CATALUNYA;CATALUNYA;2020-06-11;2020-06-17;Si;;;77.9268;51;4654.2187;3046;2.8444;29;1;24
CATALUNYA;CATALUNYA;2020-06-11;2020-06-17;No;11.1637;0.795837;5.5873;425;457.8766;34828;1.1912;143;21;22
CATALUNYA;CATALUNYA;2020-06-10;2020-06-16;No;11.4972;0.778742;6.1921;471;470.5895;35795;1.3547;125;19;23
CATALUNYA;CATALUNYA;2020-06-10;2020-06-16;--;;;0.0000;9;0.0000;364;1.1173;5;0;0
CATALUNYA;CATALUNYA;2020-06-10;2020-06-16;Si;;;80.9827;53;4836.0480;3165;2.9284;32;2;25
CATALUNYA;CATALUNYA;2020-06-09;2020-06-15;Si;;;82.5107;54;5216.5143;3414;3.1746;32;2;22
CATALUNYA;CATALUNYA;2020-06-09;2020-06-15;No;11.6075;0.771104;6.2973;479;472.9691;35976;1.3594;125;19;25
CATALUNYA;CATALUNYA;2020-06-09;2020-06-15;--;;;0.0000;7;0.0000;347;0.8824;4;0;0
CATALUNYA;CATALUNYA;2020-06-08;2020-06-14;--;;;0.0000;6;0.0000;354;0.8671;5;0;0
CATALUNYA;CATALUNYA;2020-06-08;2020-06-14;Si;;;110.0143;72;5505.3020;3603;3.4014;38;1;20
CATALUNYA;CATALUNYA;2020-06-08;2020-06-14;No;11.7841;0.792528;6.3893;486;477.3207;36307;1.3266;131;21;30
CATALUNYA;CATALUNYA;2020-06-07;2020-06-13;No;13.1614;0.863771;6.5996;502;483.8941;36807;1.3618;134;26;31
CATALUNYA;CATALUNYA;2020-06-07;2020-06-13;--;;;0.0000;7;0.0000;358;1.1429;6;0;0
CATALUNYA;CATALUNYA;2020-06-07;2020-06-13;Si;;;116.1262;76;5616.8444;3676;3.5215;36;1;19
CATALUNYA;CATALUNYA;2020-06-06;2020-06-12;Si;;;119.1822;78;5812.4255;3804;3.5985;36;1;21
CATALUNYA;CATALUNYA;2020-06-06;2020-06-12;No;15.0773;0.94546;6.8757;523;495.9628;37725;1.4188;148;32;33
CATALUNYA;CATALUNYA;2020-06-06;2020-06-12;--;;;0.0000;8;0.0000;370;1.1050;6;0;0
CATALUNYA;CATALUNYA;2020-06-05;2020-06-11;--;;;0.0000;7;0.0000;402;1.0152;7;0;0
CATALUNYA;CATALUNYA;2020-06-05;2020-06-11;Si;;;116.1262;76;6098.1572;3991;3.3510;41;1;25
CATALUNYA;CATALUNYA;2020-06-05;2020-06-11;No;16.6387;0.992637;7.8354;596;509.8196;38779;1.5974;165;28;33
CATALUNYA;CATALUNYA;2020-06-04;2020-06-10;No;17.7889;1.00527;8.4402;642;522.6771;39757;1.6812;168;29;34
CATALUNYA;CATALUNYA;2020-06-04;2020-06-10;--;;;0.0000;7;0.0000;446;0.6849;10;1;0
CATALUNYA;CATALUNYA;2020-06-04;2020-06-10;Si;;;146.6858;96;6579.4700;4306;3.3940;42;1;26
CATALUNYA;CATALUNYA;2020-06-03;2020-06-09;No;18.1196;0.996568;8.5717;652;532.8264;40529;1.6624;179;27;34
CATALUNYA;CATALUNYA;2020-06-03;2020-06-09;--;;;0.0000;6;0.0000;456;0.6682;10;1;0
CATALUNYA;CATALUNYA;2020-06-03;2020-06-09;Si;;;140.5739;92;6596.2778;4317;3.2917;41;0;37
CATALUNYA;CATALUNYA;2020-06-02;2020-06-08;--;;;0.0000;7;0.0000;469;0.6479;9;2;0
CATALUNYA;CATALUNYA;2020-06-02;2020-06-08;Si;;;152.7977;100;6302.9062;4125;3.1732;42;0;44
CATALUNYA;CATALUNYA;2020-06-02;2020-06-08;No;18.6741;0.9749;8.7557;666;525.6614;39984;1.6999;189;26;34
CATALUNYA;CATALUNYA;2020-06-01;2020-06-07;No;19.193;0.946142;8.4796;645;500.5642;38075;1.7659;190;25;26
CATALUNYA;CATALUNYA;2020-06-01;2020-06-07;--;;;0.0000;8;0.0000;428;0.9456;10;2;0
CATALUNYA;CATALUNYA;2020-06-01;2020-06-07;Si;;;129.8780;85;6041.6221;3954;2.9620;37;0;46
CATALUNYA;CATALUNYA;2020-05-31;2020-06-06;No;18.5275;0.872076;8.6374;657;512.4095;38976;1.7548;194;20;26
CATALUNYA;CATALUNYA;2020-05-31;2020-06-06;--;;;0.0000;7;0.0000;439;0.6912;10;3;0
CATALUNYA;CATALUNYA;2020-05-31;2020-06-06;Si;;;120.7102;79;6374.7211;4172;2.5021;39;1;55
CATALUNYA;CATALUNYA;2020-05-30;2020-06-05;--;;;0.0000;7;0.0000;503;0.8032;12;4;0
CATALUNYA;CATALUNYA;2020-05-30;2020-06-05;Si;;;143.6298;94;7047.0311;4612;2.6567;40;1;57
CATALUNYA;CATALUNYA;2020-05-30;2020-06-05;No;16.9634;0.788696;9.0712;690;529.8553;40303;1.7847;185;18;25
CATALUNYA;CATALUNYA;2020-05-29;2020-06-04;--;;;0.0000;10;0.0000;497;1.4199;10;4;0
CATALUNYA;CATALUNYA;2020-05-29;2020-06-04;Si;;;174.1894;114;7312.8991;4786;3.1660;37;1;62
CATALUNYA;CATALUNYA;2020-05-29;2020-06-04;No;16.573;0.753051;8.9266;679;532.1823;40480;1.7087;178;22;31
CATALUNYA;CATALUNYA;2020-05-28;2020-06-03;No;17.7461;0.752421;9.2553;704;546.9330;41602;1.7073;182;19;36
CATALUNYA;CATALUNYA;2020-05-28;2020-06-03;--;;;0.0000;15;0.0000;571;2.3132;8;3;0
CATALUNYA;CATALUNYA;2020-05-28;2020-06-03;Si;;;178.7733;117;7888.9466;5163;3.4363;45;2;64
CATALUNYA;CATALUNYA;2020-05-27;2020-06-02;--;;;0.0000;17;0.0000;663;2.1407;8;4;0
CATALUNYA;CATALUNYA;2020-05-27;2020-06-02;Si;;;186.4132;122;8108.9753;5307;3.4835;41;2;59
CATALUNYA;CATALUNYA;2020-05-27;2020-06-02;No;18.5821;0.777895;9.6103;731;545.7366;41511;1.7406;179;21;41
CATALUNYA;CATALUNYA;2020-05-26;2020-06-01;--;;;0.0000;16;0.0000;733;1.9417;10;3;0
CATALUNYA;CATALUNYA;2020-05-26;2020-06-01;Si;;;200.1650;131;9152.5838;5990;3.4893;40;3;60
CATALUNYA;CATALUNYA;2020-05-26;2020-06-01;No;20.737;0.816008;10.3991;791;569.1642;43293;1.8311;177;28;48
CATALUNYA;CATALUNYA;2020-05-25;2020-05-31;No;22.9779;0.848443;11.8058;898;610.7212;46454;1.9338;182;33;53
CATALUNYA;CATALUNYA;2020-05-25;2020-05-31;--;;;0.0000;15;0.0000;807;1.6393;11;3;0
CATALUNYA;CATALUNYA;2020-05-25;2020-05-31;Si;;;255.1722;167;10280.2310;6728;3.6817;43;4;65
CATALUNYA;CATALUNYA;2020-05-24;2020-05-30;Si;;;276.5638;181;10758.4879;7041;3.8427;52;3;63
CATALUNYA;CATALUNYA;2020-05-24;2020-05-30;No;23.732;0.875014;12.6077;959;618.2017;47023;2.0554;185;32;56
CATALUNYA;CATALUNYA;2020-05-24;2020-05-30;--;;;0.0000;18;0.0000;867;1.8846;10;2;0
CATALUNYA;CATALUNYA;2020-05-23;2020-05-29;--;;;0.0000;17;0.0000;885;1.7321;8;1;0
CATALUNYA;CATALUNYA;2020-05-23;2020-05-29;Si;;;288.7877;189;11502.6128;7528;3.6920;57;3;72
CATALUNYA;CATALUNYA;2020-05-23;2020-05-29;No;25.5238;0.93609;12.4368;946;616.6110;46902;1.9997;184;28;66
CATALUNYA;CATALUNYA;2020-05-22;2020-05-28;No;28.476;1.03736;13.0810;995;617.2420;46950;2.1082;176;30;69
CATALUNYA;CATALUNYA;2020-05-22;2020-05-28;--;;;0.0000;16;0.0000;909;1.4623;12;1;0
CATALUNYA;CATALUNYA;2020-05-22;2020-05-28;Si;;;307.1234;201;12523.3016;8196;3.5827;63;3;72
CATALUNYA;CATALUNYA;2020-05-21;2020-05-27;Si;;;326.9871;214;13655.5328;8937;3.5701;63;2;76
CATALUNYA;CATALUNYA;2020-05-21;2020-05-27;No;30.8174;1.12697;14.3300;1090;622.0275;47314;2.3453;202;34;77
CATALUNYA;CATALUNYA;2020-05-21;2020-05-27;--;;;0.0000;11;0.0000;852;0.8373;15;1;0
CATALUNYA;CATALUNYA;2020-05-20;2020-05-26;--;;;0.0000;8;0.0000;790;0.7762;13;0;0
CATALUNYA;CATALUNYA;2020-05-20;2020-05-26;Si;;;407.9699;267;14971.1212;9798;4.0629;66;2;82
CATALUNYA;CATALUNYA;2020-05-20;2020-05-26;No;32.471;1.18516;14.2774;1086;626.6551;47666;2.2898;216;36;85
CATALUNYA;CATALUNYA;2020-05-19;2020-05-25;No;33.6913;1.22676;15.0136;1142;635.8973;48369;2.4138;228;29;96
CATALUNYA;CATALUNYA;2020-05-19;2020-05-25;--;;;0.0000;12;0.0000;718;1.2766;13;0;0
CATALUNYA;CATALUNYA;2020-05-19;2020-05-25;Si;;;406.4419;266;15510.4972;10151;3.7380;72;2;84
CATALUNYA;CATALUNYA;2020-05-18;2020-05-24;No;33.9593;1.23357;15.2765;1162;641.7082;48811;2.4176;236;30;101
CATALUNYA;CATALUNYA;2020-05-18;2020-05-24;--;;;0.0000;15;0.0000;671;1.6692;10;0;1
CATALUNYA;CATALUNYA;2020-05-18;2020-05-24;Si;;;362.1306;237;15846.6522;10371;3.3881;73;2;75
CATALUNYA;CATALUNYA;2020-05-17;2020-05-23;--;;;0.0000;12;0.0000;593;1.3675;11;0;1
CATALUNYA;CATALUNYA;2020-05-17;2020-05-23;Si;;;346.8508;227;15950.5546;10439;3.1658;69;2;75
CATALUNYA;CATALUNYA;2020-05-17;2020-05-23;No;32.9978;1.22437;14.5140;1104;628.7586;47826;2.3404;231;33;108
CATALUNYA;CATALUNYA;2020-05-16;2020-05-22;No;32.0827;1.18005;14.8295;1128;632.4397;48106;2.4263;236;35;109
CATALUNYA;CATALUNYA;2020-05-16;2020-05-22;--;;;0.0000;12;0.0000;504;1.6097;15;0;1
CATALUNYA;CATALUNYA;2020-05-16;2020-05-22;Si;;;339.2109;222;15440.2102;10105;3.2253;66;2;72
CATALUNYA;CATALUNYA;2020-05-15;2020-05-21;No;29.88;1.13187;14.3694;1093;613.2585;46647;2.4049;259;34;116
CATALUNYA;CATALUNYA;2020-05-15;2020-05-21;--;;;0.0000;10;0.0000;418;1.4563;14;0;1
CATALUNYA;CATALUNYA;2020-05-15;2020-05-21;Si;;;333.0990;218;14393.5458;9420;3.3879;68;2;84
CATALUNYA;CATALUNYA;2020-05-14;2020-05-20;--;;;0.0000;12;0.0000;334;2.1277;13;0;1
CATALUNYA;CATALUNYA;2020-05-14;2020-05-20;Si;;;354.4907;232;13524.1267;8851;3.5479;76;2;87
CATALUNYA;CATALUNYA;2020-05-14;2020-05-20;No;27.3201;1.10595;13.0153;990;600.2827;45660;2.1527;250;33;113
CATALUNYA;CATALUNYA;2020-05-13;2020-05-19;--;;;0.0000;13;0.0000;314;1.9481;14;0;1
CATALUNYA;CATALUNYA;2020-05-13;2020-05-19;Si;;;314.7633;206;13528.7106;8854;3.1847;78;2;91
CATALUNYA;CATALUNYA;2020-05-13;2020-05-19;No;27.5046;1.10518;13.1205;998;586.2550;44593;2.2196;266;36;113
CATALUNYA;CATALUNYA;2020-05-12;2020-05-18;No;26.433;1.09869;12.4500;947;557.0823;42374;2.1027;281;44;114
CATALUNYA;CATALUNYA;2020-05-12;2020-05-18;--;;;0.0000;8;0.0000;309;0.9934;15;0;2
CATALUNYA;CATALUNYA;2020-05-12;2020-05-18;Si;;;346.8508;227;13229.2271;8658;3.5677;77;1;100
CATALUNYA;CATALUNYA;2020-05-11;2020-05-17;--;;;0.0000;9;0.0000;304;0.6711;17;0;1
CATALUNYA;CATALUNYA;2020-05-11;2020-05-17;Si;;;368.2425;241;13178.8038;8625;3.9017;85;0;133
CATALUNYA;CATALUNYA;2020-05-11;2020-05-17;No;25.9793;1.10273;12.2528;932;535.1929;40709;2.1274;298;39;122
CATALUNYA;CATALUNYA;2020-05-10;2020-05-16;--;;;0.0000;9;0.0000;311;0.6579;16;0;1
CATALUNYA;CATALUNYA;2020-05-10;2020-05-16;Si;;;394.2181;258;12604.2844;8249;4.4145;88;0;150
CATALUNYA;CATALUNYA;2020-05-10;2020-05-16;No;26.2247;1.1082;12.4368;946;529.1585;40250;2.1407;314;42;129
CATALUNYA;CATALUNYA;2020-05-09;2020-05-15;No;25.8933;1.09541;12.3579;940;511.8310;38932;2.1171;338;43;126
CATALUNYA;CATALUNYA;2020-05-09;2020-05-15;--;;;0.0000;10;0.0000;340;0.9036;12;0;1
CATALUNYA;CATALUNYA;2020-05-09;2020-05-15;Si;;;453.8092;297;12624.1481;8262;4.9723;93;1;166
CATALUNYA;CATALUNYA;2020-05-08;2020-05-14;Si;;;467.5610;306;12958.7751;8481;4.8253;97;2;169
CATALUNYA;CATALUNYA;2020-05-08;2020-05-14;No;25.0549;1.0761;12.0293;915;496.7253;37783;2.0348;348;48;133
CATALUNYA;CATALUNYA;2020-05-08;2020-05-14;--;;;0.0000;12;0.0000;355;0.8621;12;0;2
CATALUNYA;CATALUNYA;2020-05-07;2020-05-13;--;;;0.0000;12;0.0000;418;0.9709;11;1;2
CATALUNYA;CATALUNYA;2020-05-07;2020-05-13;Si;;;459.9211;301;12972.5269;8490;4.6306;93;2;201
CATALUNYA;CATALUNYA;2020-05-07;2020-05-13;No;24.804;1.02094;11.6875;889;477.4127;36314;2.0885;357;51;155
CATALUNYA;CATALUNYA;2020-05-06;2020-05-12;No;24.6932;0.951022;11.7663;895;481.4093;36618;2.0413;374;46;170
CATALUNYA;CATALUNYA;2020-05-06;2020-05-12;--;;;0.0000;16;0.0000;428;1.6471;13;3;2
CATALUNYA;CATALUNYA;2020-05-06;2020-05-12;Si;;;525.6241;344;13463.0076;8811;4.6877;98;2;232
CATALUNYA;CATALUNYA;2020-05-05;2020-05-11;Si;;;563.8236;369;13819.0263;9044;4.6129;105;2;261
CATALUNYA;CATALUNYA;2020-05-05;2020-05-11;No;23.8704;0.879691;11.6086;883;476.0586;36211;2.0141;397;43;189
CATALUNYA;CATALUNYA;2020-05-05;2020-05-11;--;;;0.0000;18;0.0000;442;1.8307;14;3;2
CATALUNYA;CATALUNYA;2020-05-04;2020-05-10;--;;;0.0000;22;0.0000;483;2.3158;14;4;2
CATALUNYA;CATALUNYA;2020-05-04;2020-05-10;Si;;;624.9427;409;14433.2732;9446;4.6179;111;3;278
CATALUNYA;CATALUNYA;2020-05-04;2020-05-10;No;23.3984;0.83323;11.3062;860;475.4933;36168;2.0031;402;43;201
CATALUNYA;CATALUNYA;2020-05-03;2020-05-09;No;22.6919;0.784564;11.2273;854;482.2902;36685;1.9974;401;40;215
CATALUNYA;CATALUNYA;2020-05-03;2020-05-09;--;;;0.0000;24;0.0000;492;2.6804;17;4;2
CATALUNYA;CATALUNYA;2020-05-03;2020-05-09;Si;;;615.7748;403;15278.2446;9999;4.1859;111;4;302
CATALUNYA;CATALUNYA;2020-05-02;2020-05-08;No;22.3147;0.743147;11.2799;858;481.2516;36606;2.0337;391;41;239
CATALUNYA;CATALUNYA;2020-05-02;2020-05-08;--;;;0.0000;24;0.0000;501;2.6316;20;4;3
CATALUNYA;CATALUNYA;2020-05-02;2020-05-08;Si;;;620.3587;406;15246.1571;9978;3.8791;119;3;330
CATALUNYA;CATALUNYA;2020-05-01;2020-05-07;--;;;0.0000;24;0.0000;601;2.5381;28;6;4
CATALUNYA;CATALUNYA;2020-05-01;2020-05-07;Si;;;650.9183;426;15808.4527;10346;3.6130;115;2;368
CATALUNYA;CATALUNYA;2020-05-01;2020-05-07;No;22.4924;0.671717;11.2536;856;464.8575;35359;2.1624;381;33;238
CATALUNYA;CATALUNYA;2020-04-30;2020-05-06;No;23.9154;0.652946;12.6077;959;485.8267;36954;2.3382;333;23;242
CATALUNYA;CATALUNYA;2020-04-30;2020-05-06;--;;;0.0000;28;0.0000;665;2.2971;26;5;4
CATALUNYA;CATALUNYA;2020-04-30;2020-05-06;Si;;;748.7088;490;17435.7485;11411;3.7960;99;2;377
CATALUNYA;CATALUNYA;2020-04-29;2020-05-05;No;26.0677;0.637151;14.1985;1080;488.2851;37141;2.6128;260;20;250
CATALUNYA;CATALUNYA;2020-04-29;2020-05-05;--;;;0.0000;30;0.0000;692;2.2321;23;3;4
CATALUNYA;CATALUNYA;2020-04-29;2020-05-05;Si;;;898.4506;588;17979.7084;11767;3.7138;87;2;394
CATALUNYA;CATALUNYA;2020-04-28;2020-05-04;--;;;0.0000;40;0.0000;788;2.9909;19;3;3
CATALUNYA;CATALUNYA;2020-04-28;2020-05-04;Si;;;1069.5840;700;19240.2897;12592;4.5230;68;2;424
CATALUNYA;CATALUNYA;2020-04-28;2020-05-04;No;28.3606;0.638611;15.5263;1181;506.5197;38528;2.9022;179;13;259
CATALUNYA;CATALUNYA;2020-04-27;2020-05-03;--;;;0.0000;44;0.0000;760;3.9031;17;2;3
CATALUNYA;CATALUNYA;2020-04-27;2020-05-03;Si;;;1083.3358;709;20044.0057;13118;4.2646;47;1;448
CATALUNYA;CATALUNYA;2020-04-27;2020-05-03;No;31.2412;0.638629;16.7753;1276;504.0613;38341;3.1182;119;9;265
CATALUNYA;CATALUNYA;2020-04-26;2020-05-02;No;33.6576;0.664108;17.6955;1346;518.7199;39456;3.2315;84;6;285
CATALUNYA;CATALUNYA;2020-04-26;2020-05-02;--;;;0.0000;45;0.0000;762;4.0486;14;2;3
CATALUNYA;CATALUNYA;2020-04-26;2020-05-02;Si;;;1231.5496;806;20687.2841;13539;4.9128;35;0;468
CATALUNYA;CATALUNYA;2020-04-25;2020-05-01;--;;;0.0000;49;0.0000;739;4.4568;11;2;2
CATALUNYA;CATALUNYA;2020-04-25;2020-05-01;Si;;;1344.6199;880;21689.6372;14195;5.4592;16;0;490
CATALUNYA;CATALUNYA;2020-04-25;2020-05-01;No;36.4325;0.687133;18.7473;1426;529.8947;40306;3.4348;47;2;304
CATALUNYA;CATALUNYA;2020-04-24;2020-04-30;--;;;0.0000;58;0.0000;630;6.4250;0;0;0
CATALUNYA;CATALUNYA;2020-04-24;2020-04-30;Si;;;1582.9844;1036;23517.0980;15391;6.5713;0;0;514
CATALUNYA;CATALUNYA;2020-04-24;2020-04-30;No;42.903;0.732851;22.2312;1691;554.2952;42162;3.9700;0;0;341
CATALUNYA;CATALUNYA;2020-04-23;2020-04-29;No;46.9403;0.751838;24.0191;1827;539.7022;41052;4.5632;0;0;357
CATALUNYA;CATALUNYA;2020-04-23;2020-04-29;--;;;0.0000;53;0.0000;530;7.5397;0;0;1
CATALUNYA;CATALUNYA;2020-04-23;2020-04-29;Si;;;1883.9959;1233;22890.6273;14981;8.0998;0;0;537
CATALUNYA;CATALUNYA;2020-04-22;2020-04-28;Si;;;2201.8152;1441;24125.2330;15789;10.4961;0;0;561
CATALUNYA;CATALUNYA;2020-04-22;2020-04-28;No;51.912;0.783927;26.7142;2032;537.2569;40866;5.3104;0;0;374
CATALUNYA;CATALUNYA;2020-04-22;2020-04-28;--;;;0.0000;56;0.0000;487;9.4218;0;0;4
CATALUNYA;CATALUNYA;2020-04-21;2020-04-27;--;;;0.0000;51;0.0000;386;10.9290;0;0;4
CATALUNYA;CATALUNYA;2020-04-21;2020-04-27;Si;;;2606.7292;1706;25258.9921;16531;11.9335;0;0;607
CATALUNYA;CATALUNYA;2020-04-21;2020-04-27;No;57.2586;0.804605;28.8835;2197;518.7331;39457;6.0279;0;0;397
CATALUNYA;CATALUNYA;2020-04-20;2020-04-26;No;61.4789;0.831054;32.1439;2445;516.4718;39285;6.8397;0;0;435
CATALUNYA;CATALUNYA;2020-04-20;2020-04-26;--;;;0.0000;43;0.0000;353;10.0000;0;0;4
CATALUNYA;CATALUNYA;2020-04-20;2020-04-26;Si;;;3036.0908;1987;25228.4326;16511;14.2239;0;0;645
CATALUNYA;CATALUNYA;2020-04-19;2020-04-25;Si;;;3199.5843;2094;25359.8386;16597;15.0447;0;0;706
CATALUNYA;CATALUNYA;2020-04-19;2020-04-25;No;64.6053;0.842618;32.9853;2509;501.3267;38133;7.3515;0;0;449
CATALUNYA;CATALUNYA;2020-04-19;2020-04-25;--;;;0.0000;41;0.0000;341;9.3168;0;0;4
CATALUNYA;CATALUNYA;2020-04-18;2020-04-24;--;;;0.0000;41;0.0000;332;9.2949;0;0;5
CATALUNYA;CATALUNYA;2020-04-18;2020-04-24;Si;;;3590.7465;2350;26440.1185;17304;16.2018;0;0;765
CATALUNYA;CATALUNYA;2020-04-18;2020-04-24;No;68.9017;0.864415;34.2736;2607;489.4815;37232;7.8376;0;0;462
CATALUNYA;CATALUNYA;2020-04-17;2020-04-23;No;71.2833;0.871581;36.3114;2762;470.1557;35762;8.6833;0;0;494
CATALUNYA;CATALUNYA;2020-04-17;2020-04-23;--;;;0.0000;40;0.0000;316;8.0000;0;0;7
CATALUNYA;CATALUNYA;2020-04-17;2020-04-23;Si;;;4741.3134;3103;26090.2117;17075;19.5388;0;0;832
CATALUNYA;CATALUNYA;2020-04-16;2020-04-22;No;76.7264;0.878538;38.4149;2922;452.9728;34455;9.6384;0;0;523
CATALUNYA;CATALUNYA;2020-04-16;2020-04-22;--;;;0.0000;43;0.0000;291;9.6774;0;0;8
CATALUNYA;CATALUNYA;2020-04-16;2020-04-22;Si;;;5283.7453;3458;26316.3524;17223;21.2983;0;0;909
CATALUNYA;CATALUNYA;2020-04-15;2020-04-21;--;;;0.0000;41;0.0000;297;7.7465;0;0;8
CATALUNYA;CATALUNYA;2020-04-15;2020-04-21;Si;;;5807.8415;3801;24704.3363;16168;23.6770;0;0;984
CATALUNYA;CATALUNYA;2020-04-15;2020-04-21;No;79.2583;0.867815;39.5061;3005;428.2437;32574;10.5600;0;0;555
CATALUNYA;CATALUNYA;2020-04-14;2020-04-20;No;82.7351;0.862197;42.2800;3216;411.9285;31333;11.6787;0;0;588
CATALUNYA;CATALUNYA;2020-04-14;2020-04-20;--;;;0.0000;41;0.0000;282;7.4074;0;0;8
CATALUNYA;CATALUNYA;2020-04-14;2020-04-20;Si;;;6000.3667;3927;21928.0017;14351;26.8409;0;0;1024
CATALUNYA;CATALUNYA;2020-04-13;2020-04-19;No;87.2229;0.845164;41.8331;3182;383.5709;29176;12.3067;0;0;596
CATALUNYA;CATALUNYA;2020-04-13;2020-04-19;--;;;0.0000;41;0.0000;265;7.8431;0;0;8
CATALUNYA;CATALUNYA;2020-04-13;2020-04-19;Si;;;5902.5761;3863;19799.5293;12958;28.0292;0;0;1084
CATALUNYA;CATALUNYA;2020-04-12;2020-04-18;--;;;0.0000;43;0.0000;260;8.0321;0;0;9
CATALUNYA;CATALUNYA;2020-04-12;2020-04-18;Si;;;5855.2088;3832;18846.0715;12334;29.2862;0;0;1157
CATALUNYA;CATALUNYA;2020-04-12;2020-04-18;No;87.7418;0.825582;43.6868;3323;379.9687;28902;12.9232;0;0;623
CATALUNYA;CATALUNYA;2020-04-11;2020-04-17;--;;;0.0000;41;0.0000;294;6.8345;0;0;10
CATALUNYA;CATALUNYA;2020-04-11;2020-04-17;Si;;;5861.3207;3836;17293.6466;11318;31.9582;0;0;1218
CATALUNYA;CATALUNYA;2020-04-11;2020-04-17;No;86.6927;0.790768;45.4353;3456;372.1595;28308;13.7570;0;0;673
CATALUNYA;CATALUNYA;2020-04-10;2020-04-16;No;88.4419;0.769709;45.4747;3459;347.5881;26439;14.7539;0;0;707
CATALUNYA;CATALUNYA;2020-04-10;2020-04-16;--;;;0.0000;36;0.0000;268;7.9051;0;0;8
CATALUNYA;CATALUNYA;2020-04-10;2020-04-16;Si;;;5175.2589;3387;14946.6735;9782;33.2113;0;0;1255
CATALUNYA;CATALUNYA;2020-04-09;2020-04-15;--;;;0.0000;52;0.0000;282;10.9848;0;0;7
CATALUNYA;CATALUNYA;2020-04-09;2020-04-15;Si;;;5020.9332;3286;13785.4108;9022;34.4100;0;0;1303
CATALUNYA;CATALUNYA;2020-04-09;2020-04-15;No;92.7946;0.761418;48.9192;3721;346.4443;26352;15.8718;0;0;781
CATALUNYA;CATALUNYA;2020-04-08;2020-04-14;--;;;0.0000;52;0.0000;274;11.3725;0;0;5
CATALUNYA;CATALUNYA;2020-04-08;2020-04-14;Si;;;4678.6663;3062;12281.8812;8038;35.3884;0;0;1339
CATALUNYA;CATALUNYA;2020-04-08;2020-04-14;No;98.9626;0.771498;51.8246;3942;346.6415;26367;16.9598;0;0;834
CATALUNYA;CATALUNYA;2020-04-07;2020-04-13;No;105.966;0.781859;53.6783;4083;347.8510;26459;17.9991;0;0;873
CATALUNYA;CATALUNYA;2020-04-07;2020-04-13;--;;;0.0000;56;0.0000;257;14.2857;0;0;6
CATALUNYA;CATALUNYA;2020-04-07;2020-04-13;Si;;;4423.4941;2895;11320.7835;7409;35.9893;0;0;1395
CATALUNYA;CATALUNYA;2020-04-06;2020-04-12;Si;;;4544.2043;2974;11027.4119;7217;38.1091;0;0;1409
CATALUNYA;CATALUNYA;2020-04-06;2020-04-12;No;119.245;0.789751;61.3692;4668;362.2205;27552;19.4945;0;0;950
CATALUNYA;CATALUNYA;2020-04-06;2020-04-12;--;;;0.0000;64;0.0000;283;14.8289;0;0;7
CATALUNYA;CATALUNYA;2020-04-05;2020-04-11;--;;;0.0000;68;0.0000;293;16.8498;0;0;8
CATALUNYA;CATALUNYA;2020-04-05;2020-04-11;Si;;;4466.2775;2923;10272.5911;6723;39.8375;0;0;1401
CATALUNYA;CATALUNYA;2020-04-05;2020-04-11;No;122.81;0.783085;62.5918;4761;360.9452;27455;20.1818;0;0;999
CATALUNYA;CATALUNYA;2020-04-04;2020-04-10;No;125.571;0.767306;64.1958;4883;361.4448;27493;21.2325;0;0;1047
CATALUNYA;CATALUNYA;2020-04-04;2020-04-10;--;;;0.0000;73;0.0000;266;20.3187;0;0;9
CATALUNYA;CATALUNYA;2020-04-04;2020-04-10;Si;;;4198.8815;2748;9261.0701;6061;41.5730;0;0;1387
CATALUNYA;CATALUNYA;2020-04-03;2020-04-09;Si;;;4032.3319;2639;8817.9567;5771;43.5973;0;0;1394
CATALUNYA;CATALUNYA;2020-04-03;2020-04-09;No;130.937;0.75031;69.4282;5281;375.4462;28558;22.4838;0;0;1106
CATALUNYA;CATALUNYA;2020-04-03;2020-04-09;--;;;0.0000;79;0.0000;339;17.9245;0;0;10
CATALUNYA;CATALUNYA;2020-04-02;2020-04-08;--;;;0.0000;66;0.0000;337;16.0256;0;0;11
CATALUNYA;CATALUNYA;2020-04-02;2020-04-08;Si;;;3645.7537;2386;7572.6553;4956;46.7846;0;0;1374
CATALUNYA;CATALUNYA;2020-04-02;2020-04-08;No;136.781;0.739033;72.9515;5549;369.4118;28099;24.0781;0;0;1155
CATALUNYA;CATALUNYA;2020-04-01;2020-04-07;No;144.66;0.737397;76.4486;5815;361.3791;27488;25.6518;0;0;1213
CATALUNYA;CATALUNYA;2020-04-01;2020-04-07;--;;;0.0000;73;0.0000;344;18.1818;0;0;11
CATALUNYA;CATALUNYA;2020-04-01;2020-04-07;Si;;;3398.2214;2224;6918.6810;4528;49.0638;0;0;1329
CATALUNYA;CATALUNYA;2020-03-31;2020-04-06;No;155.191;0.743542;81.8519;6226;357.3956;27185;28.0619;0;0;1323
CATALUNYA;CATALUNYA;2020-03-31;2020-04-06;--;;;0.0000;79;0.0000;361;19.6429;0;0;10
CATALUNYA;CATALUNYA;2020-03-31;2020-04-06;Si;;;3207.2242;2099;6432.7842;4210;50.5834;0;0;1252
CATALUNYA;CATALUNYA;2020-03-30;2020-04-05;--;;;0.0000;78;0.0000;326;21.3816;0;0;11
CATALUNYA;CATALUNYA;2020-03-30;2020-04-05;Si;;;3103.3218;2031;6480.1515;4241;49.5161;0;0;1218
CATALUNYA;CATALUNYA;2020-03-30;2020-04-05;No;168.777;0.756503;89.6217;6817;365.6255;27811;29.4443;0;0;1420
CATALUNYA;CATALUNYA;2020-03-29;2020-04-04;No;177.212;0.773482;94.2362;7168;376.0641;28605;30.6319;0;0;1497
CATALUNYA;CATALUNYA;2020-03-29;2020-04-04;--;;;0.0000;80;0.0000;328;21.1726;0;0;10
CATALUNYA;CATALUNYA;2020-03-29;2020-04-04;Si;;;3236.2558;2118;6692.5404;4380;50.2834;0;0;1146
CATALUNYA;CATALUNYA;2020-03-28;2020-04-03;No;188.997;0.804471;99.4555;7565;383.4000;29163;32.3304;0;0;1564
CATALUNYA;CATALUNYA;2020-03-28;2020-04-03;--;;;0.0000;82;0.0000;314;23.0508;0;0;8
CATALUNYA;CATALUNYA;2020-03-28;2020-04-03;Si;;;3233.1998;2116;6663.5088;4361;50.3127;0;0;1063
CATALUNYA;CATALUNYA;2020-03-27;2020-04-02;--;;;0.0000;84;0.0000;247;29.3103;0;0;8
CATALUNYA;CATALUNYA;2020-03-27;2020-04-02;Si;;;2942.8842;1926;5946.8875;3892;51.1473;0;0;967
CATALUNYA;CATALUNYA;2020-03-27;2020-04-02;No;207.896;0.858259;105.0823;7993;373.9737;28446;34.5766;0;0;1612
CATALUNYA;CATALUNYA;2020-03-26;2020-04-01;--;;;0.0000;88;0.0000;212;35.4680;0;0;8
CATALUNYA;CATALUNYA;2020-03-26;2020-04-01;Si;;;2848.1496;1864;5613.7884;3674;51.4504;0;0;867
CATALUNYA;CATALUNYA;2020-03-26;2020-04-01;No;227.036;0.921519;112.1290;8529;368.3337;28017;37.2778;0;0;1628
CATALUNYA;CATALUNYA;2020-03-25;2020-03-31;No;247.016;0.990045;119.7278;9107;364.8498;27752;39.3484;0;0;1638
CATALUNYA;CATALUNYA;2020-03-25;2020-03-31;--;;;0.0000;89;0.0000;173;44.5783;0;0;9
CATALUNYA;CATALUNYA;2020-03-25;2020-03-31;Si;;;2600.6173;1702;5066.7726;3316;52.3458;0;0;769
CATALUNYA;CATALUNYA;2020-03-24;2020-03-30;--;;;0.0000;83;0.0000;172;42.1687;0;0;9
CATALUNYA;CATALUNYA;2020-03-24;2020-03-30;Si;;;2473.7951;1619;4779.5128;3128;52.4718;0;0;679
CATALUNYA;CATALUNYA;2020-03-24;2020-03-30;No;265.108;1.06852;126.8665;9650;358.0398;27234;40.9453;0;0;1564
CATALUNYA;CATALUNYA;2020-03-23;2020-03-29;--;;;0.0000;86;0.0000;176;44.1176;0;0;8
CATALUNYA;CATALUNYA;2020-03-23;2020-03-29;Si;;;2250.7105;1473;4153.0422;2718;54.3408;0;0;581
CATALUNYA;CATALUNYA;2020-03-23;2020-03-29;No;277.046;1.13829;133.4794;10153;341.8692;26004;42.2343;0;0;1455
CATALUNYA;CATALUNYA;2020-03-22;2020-03-28;No;290.892;1.21714;134.8729;10259;334.4413;25439;42.6527;0;0;1345
CATALUNYA;CATALUNYA;2020-03-22;2020-03-28;--;;;0.0000;88;0.0000;174;46.1078;0;0;7
CATALUNYA;CATALUNYA;2020-03-22;2020-03-28;Si;;;2026.0978;1326;3587.6906;2348;53.8848;0;0;497
CATALUNYA;CATALUNYA;2020-03-21;2020-03-27;Si;;;1824.4048;1194;3020.8110;1977;54.3113;0;0;425
CATALUNYA;CATALUNYA;2020-03-21;2020-03-27;No;310.682;1.34248;135.4777;10305;324.8967;24713;42.9422;0;0;1205
CATALUNYA;CATALUNYA;2020-03-21;2020-03-27;--;;;0.0000;88;0.0000;183;43.7500;0;0;6
CATALUNYA;CATALUNYA;2020-03-20;2020-03-26;--;;;0.0000;74;0.0000;169;40.2439;0;0;5
CATALUNYA;CATALUNYA;2020-03-20;2020-03-26;Si;;;1642.5755;1075;2706.0477;1771;52.7453;0;0;346
CATALUNYA;CATALUNYA;2020-03-20;2020-03-26;No;351.185;1.59431;137.1473;10432;316.1541;24048;43.1906;0;0;1056
CATALUNYA;CATALUNYA;2020-03-19;2020-03-25;No;375.606;1.83897;134.2419;10211;305.1371;23210;42.1339;0;0;893
CATALUNYA;CATALUNYA;2020-03-19;2020-03-25;--;;;0.0000;68;0.0000;164;38.5093;0;0;3
CATALUNYA;CATALUNYA;2020-03-19;2020-03-25;Si;;;1425.6027;933;2438.6517;1596;51.1974;0;0;290
CATALUNYA;CATALUNYA;2020-03-18;2020-03-24;Si;;;1248.3574;817;2198.7592;1439;48.3848;0;0;251
CATALUNYA;CATALUNYA;2020-03-18;2020-03-24;No;394.378;2.12541;129.7720;9871;289.4793;22019;40.9481;0;0;746
CATALUNYA;CATALUNYA;2020-03-18;2020-03-24;--;;;0.0000;61;0.0000;153;36.8421;0;0;1
CATALUNYA;CATALUNYA;2020-03-17;2020-03-23;--;;;0.0000;53;0.0000;109;43.5185;0;0;1
CATALUNYA;CATALUNYA;2020-03-17;2020-03-23;Si;;;1035.9685;678;1868.7161;1223;46.5823;0;0;219
CATALUNYA;CATALUNYA;2020-03-17;2020-03-23;No;412.847;2.50202;121.2397;9222;269.1149;20470;38.9362;0;0;603
CATALUNYA;CATALUNYA;2020-03-16;2020-03-22;No;413.097;2.9937;109.9072;8360;252.1686;19181;37.3554;0;0;480
CATALUNYA;CATALUNYA;2020-03-16;2020-03-22;--;;;0.0000;42;0.0000;95;39.3617;0;0;0
CATALUNYA;CATALUNYA;2020-03-16;2020-03-22;Si;;;849.5553;556;1628.8237;1066;45.4017;0;0;182
CATALUNYA;CATALUNYA;2020-03-15;2020-03-21;No;447.437;3.53636;104.1226;7920;242.3085;18431;35.8678;0;0;395
CATALUNYA;CATALUNYA;2020-03-15;2020-03-21;--;;;0.0000;34;0.0000;89;34.8315;0;0;0
CATALUNYA;CATALUNYA;2020-03-15;2020-03-21;Si;;;785.3803;514;1561.5927;1022;44.5226;0;0;158
CATALUNYA;CATALUNYA;2020-03-14;2020-03-20;--;;;0.0000;27;0.0000;75;33.3333;0;0;0
CATALUNYA;CATALUNYA;2020-03-14;2020-03-20;Si;;;663.1421;434;1317.1164;862;42.6210;0;0;144
CATALUNYA;CATALUNYA;2020-03-14;2020-03-20;No;454.197;3.98663;95.9453;7298;228.8594;17408;33.0594;0;0;332
CATALUNYA;CATALUNYA;2020-03-13;2020-03-19;No;400.703;4.25449;83.1271;6323;208.4293;15854;29.5375;0;0;266
CATALUNYA;CATALUNYA;2020-03-13;2020-03-19;--;;;0.0000;29;0.0000;77;33.7662;0;0;0
CATALUNYA;CATALUNYA;2020-03-13;2020-03-19;Si;;;507.2884;332;1116.9513;731;39.3602;0;0;131
CATALUNYA;CATALUNYA;2020-03-12;2020-03-18;No;348.211;4.54078;70.0066;5325;177.8630;13529;27.0178;0;0;219
CATALUNYA;CATALUNYA;2020-03-12;2020-03-18;--;;;0.0000;23;0.0000;62;32.2581;0;0;0
CATALUNYA;CATALUNYA;2020-03-12;2020-03-18;Si;;;360.6026;236;886.2268;580;36.2676;0;0;108
CATALUNYA;CATALUNYA;2020-03-11;2020-03-17;--;;;0.0000;14;0.0000;44;27.2727;0;0;0
CATALUNYA;CATALUNYA;2020-03-11;2020-03-17;Si;;;259.7561;170;683.0058;447;34.2466;0;0;94
CATALUNYA;CATALUNYA;2020-03-11;2020-03-17;No;286.145;4.7794;55.7818;4243;146.4290;11138;25.1480;0;0;161
CATALUNYA;CATALUNYA;2020-03-10;2020-03-16;--;;;0.0000;11;0.0000;37;24.3243;0;0;0
CATALUNYA;CATALUNYA;2020-03-10;2020-03-16;Si;;;169.6054;111;545.4878;357;29.0598;0;0;76
CATALUNYA;CATALUNYA;2020-03-10;2020-03-16;No;226.256;4.93404;43.7656;3329;117.8478;8964;23.4109;0;0;126
CATALUNYA;CATALUNYA;2020-03-09;2020-03-15;No;145.009;5.0;28.0815;2136;90.7260;6901;20.9226;0;0;103
CATALUNYA;CATALUNYA;2020-03-09;2020-03-15;--;;;0.0000;8;0.0000;33;21.2121;0;0;0
CATALUNYA;CATALUNYA;2020-03-09;2020-03-15;Si;;;113.0703;74;423.2497;277;26.4706;0;0;58
CATALUNYA;CATALUNYA;2020-03-08;2020-03-14;--;;;0.0000;5;0.0000;24;16.6667;0;0;0
CATALUNYA;CATALUNYA;2020-03-08;2020-03-14;Si;;;55.0071;36;305.5954;200;16.8367;0;0;43
CATALUNYA;CATALUNYA;2020-03-08;2020-03-14;No;107.922;4.64835;22.4021;1704;71.8603;5466;18.6604;0;0;77
CATALUNYA;CATALUNYA;2020-03-07;2020-03-13;--;;;0.0000;2;0.0000;15;6.6667;0;0;0
CATALUNYA;CATALUNYA;2020-03-07;2020-03-13;Si;;;42.7833;28;253.6442;166;14.6341;0;0;26
CATALUNYA;CATALUNYA;2020-03-07;2020-03-13;No;;;17.9848;1368;50.7334;3859;18.4538;0;0;50
CATALUNYA;CATALUNYA;2020-03-06;2020-03-12;No;;;11.0564;841;26.6091;2024;19.5171;0;0;30
CATALUNYA;CATALUNYA;2020-03-06;2020-03-12;--;;;0.0000;0;0.0000;9;0.0000;0;0;0
CATALUNYA;CATALUNYA;2020-03-06;2020-03-12;Si;;;22.9196;15;172.6614;113;9.8214;0;0;16
CATALUNYA;CATALUNYA;2020-03-05;2020-03-11;Si;;;9.1678;6;110.0143;72;4.1667;0;0;11
CATALUNYA;CATALUNYA;2020-03-05;2020-03-11;No;;;6.6785;508;14.4483;1099;16.9444;0;0;17
CATALUNYA;CATALUNYA;2020-03-05;2020-03-11;--;;;0.0000;0;0.0000;7;0.0000;0;0;0
CATALUNYA;CATALUNYA;2020-03-04;2020-03-10;--;;;0.0000;0;0.0000;5;0.0000;0;0;0
CATALUNYA;CATALUNYA;2020-03-04;2020-03-10;Si;;;4.5839;3;67.2309;44;2.2727;0;0;6
CATALUNYA;CATALUNYA;2020-03-04;2020-03-10;No;;;4.0886;311;8.5980;654;14.5736;0;0;12
CATALUNYA;CATALUNYA;2020-03-03;2020-03-09;No;;;2.0903;159;4.8643;370;7.9670;0;0;9
CATALUNYA;CATALUNYA;2020-03-03;2020-03-09;--;;;0.0000;0;0.0000;2;0.0000;0;0;0
CATALUNYA;CATALUNYA;2020-03-03;2020-03-09;Si;;;1.5279;1;32.0875;21;0.0000;0;0;3
CATALUNYA;CATALUNYA;2020-03-02;2020-03-08;Si;;;1.5279;1;19.8637;13;0.0000;0;0;2
CATALUNYA;CATALUNYA;2020-03-02;2020-03-08;No;;;0.9202;70;4.0097;305;5.3333;0;0;5
CATALUNYA;CATALUNYA;2020-03-02;2020-03-08;--;;;0.0000;1;0.0000;1;100.0000;0;0;0
CATALUNYA;CATALUNYA;2020-03-01;2020-03-07;--;;;0.0000;2;0.0000;3;33.3333;0;0;0
CATALUNYA;CATALUNYA;2020-03-01;2020-03-07;Si;;;1.5279;1;12.2238;8;0.0000;0;0;0
CATALUNYA;CATALUNYA;2020-03-01;2020-03-07;No;;;0.8151;62;3.6416;277;4.3956;0;0;2
CATALUNYA;CATALUNYA;2020-02-29;2020-03-06;No;;;0.6704;51;2.6162;199;5.1282;0;0;0
CATALUNYA;CATALUNYA;2020-02-29;2020-03-06;--;;;0.0000;2;0.0000;3;33.3333;0;0;0
CATALUNYA;CATALUNYA;2020-02-29;2020-03-06;Si;;;0.0000;0;4.5839;3;0.0000;0;0;0
CATALUNYA;CATALUNYA;2020-02-28;2020-03-05;No;;;0.4995;38;1.8799;143;5.6738;0;0;0
CATALUNYA;CATALUNYA;2020-02-28;2020-03-05;--;;;0.0000;2;0.0000;3;33.3333;0;0;0
CATALUNYA;CATALUNYA;2020-02-28;2020-03-05;Si;;;0.0000;0;3.0559;2;0.0000;0;0;0
CATALUNYA;CATALUNYA;2020-02-27;2020-03-04;--;;;0.0000;2;0.0000;3;33.3333;0;0;0
CATALUNYA;CATALUNYA;2020-02-27;2020-03-04;Si;;;0.0000;0;3.0559;2;0.0000;0;0;0
CATALUNYA;CATALUNYA;2020-02-27;2020-03-04;No;;;0.2629;20;1.3935;106;2.8302;0;0;0
CATALUNYA;CATALUNYA;2020-02-26;2020-03-03;No;;;0.1709;13;1.0385;79;2.5316;0;0;0
CATALUNYA;CATALUNYA;2020-02-26;2020-03-03;--;;;0.0000;2;0.0000;3;33.3333;0;0;0
CATALUNYA;CATALUNYA;2020-02-26;2020-03-03;Si;;;0.0000;0;0.0000;0;0.0000;0;0;0
CATALUNYA;CATALUNYA;2020-02-25;2020-03-02;No;;;0.0657;5;0.7099;54;3.7037;0;0;0
CATALUNYA;CATALUNYA;2020-02-25;2020-03-02;--;;;0.0000;2;0.0000;3;33.3333;0;0;0
CATALUNYA;CATALUNYA;2020-02-25;2020-03-02;Si;;;0.0000;0;0.0000;0;0.0000;0;0;0
CATALUNYA;CATALUNYA;2020-02-24;2020-03-01;--;;;0.0000;1;0.0000;2;0.0000;0;0;0
CATALUNYA;CATALUNYA;2020-02-24;2020-03-01;Si;;;0.0000;0;0.0000;0;0.0000;0;0;0
CATALUNYA;CATALUNYA;2020-02-24;2020-03-01;No;;;0.0131;1;0.2629;20;0.0000;0;0;0
